id_venta,fecha,id_cliente,nombre_cliente,email,medio_pago,id_producto,nombre_producto,categoria,precio_unitario,cantidad,importe,ciudad,fecha_alta,latitud,longitud,Valor_del_Plan,precio_unitario_normalizado,cantidad_normalizado,importe_normalizado
1,2024-06-19,62,Guadalupe Romero,guadalupe.romero@mail.com,Tarjeta,90,Toallas Húmedas x50,Limpieza,2902,1,2902,Villa Carlos Paz,2023-03-03,-31.4183,-64.4901,Bajo,0.19,-1.44,-0.92
2,2024-03-17,49,Olivia Gomez,olivia.gomez@mail.com,QR,82,Aceitunas Negras 200g,Embutidos,2394,5,11970,Río Cuarto,2023-02-18,-33.1304,-64.3527,Alto,-0.2,1.49,0.81
2,2024-03-17,49,Olivia Gomez,olivia.gomez@mail.com,QR,39,Helado Vainilla 1L,Dulcería,469,5,2345,Río Cuarto,2023-02-18,-33.1304,-64.3527,Bajo,-1.67,1.49,-1.02
2,2024-03-17,49,Olivia Gomez,olivia.gomez@mail.com,QR,70,Fernet 750ml,Licores,4061,2,8122,Río Cuarto,2023-02-18,-33.1304,-64.3527,Medio,1.07,-0.7,0.07
2,2024-03-17,49,Olivia Gomez,olivia.gomez@mail.com,QR,22,Medialunas de Manteca,Embutidos,2069,1,2069,Río Cuarto,2023-02-18,-33.1304,-64.3527,Bajo,-0.45,-1.44,-1.08
2,2024-03-17,49,Olivia Gomez,olivia.gomez@mail.com,QR,79,Hamburguesas Congeladas x4,Embutidos,2420,4,9680,Río Cuarto,2023-02-18,-33.1304,-64.3527,Medio,-0.18,0.76,0.37
3,2024-01-13,20,Tomas Acosta,tomas.acosta@mail.com,Tarjeta,9,Yerba Mate Suave 1kg,Abarrotes,3878,2,7756,Río Cuarto,2023-01-20,-33.1304,-64.3527,Medio,0.93,-0.7,0.0
3,2024-01-13,20,Tomas Acosta,tomas.acosta@mail.com,Tarjeta,2,Pepsi 1.5L,Bebidas,4973,2,9946,Río Cuarto,2023-01-20,-33.1304,-64.3527,Medio,1.77,-0.7,0.42
3,2024-01-13,20,Tomas Acosta,tomas.acosta@mail.com,Tarjeta,85,Jugo en Polvo Naranja,Bebidas,1856,1,1856,Río Cuarto,2023-01-20,-33.1304,-64.3527,Bajo,-0.61,-1.44,-1.12
4,2024-02-27,36,Martina Molina,martina.molina@mail.com,Transferencia,4,Fanta Naranja 1.5L,Bebidas,2033,2,4066,Mendiolaza,2023-02-05,-31.2641,-64.3091,Medio,-0.47,-0.7,-0.7
4,2024-02-27,36,Martina Molina,martina.molina@mail.com,Transferencia,23,Bizcochos Salados,Panadería,2380,5,11900,Mendiolaza,2023-02-05,-31.2641,-64.3091,Alto,-0.21,1.49,0.79
5,2024-06-11,56,Bruno Diaz,bruno.diaz@mail.com,Tarjeta,86,Jugo en Polvo Limón,Abarrotes,4090,4,16360,Río Cuarto,2023-02-25,-33.1304,-64.3527,Alto,1.1,0.76,1.64
6,2024-05-05,91,Uma Sanchez,uma.sanchez@mail.com,Transferencia,25,Galletitas Vainilla,Dulcería,4015,2,8030,Mendiolaza,2023-04-01,-31.2641,-64.3091,Medio,1.04,-0.7,0.06
6,2024-05-05,91,Uma Sanchez,uma.sanchez@mail.com,Transferencia,31,Mix de Frutos Secos 200g,Dulcería,3409,3,10227,Mendiolaza,2023-04-01,-31.2641,-64.3091,Medio,0.58,0.03,0.47
6,2024-05-05,91,Uma Sanchez,uma.sanchez@mail.com,Transferencia,83,Queso Untable 190g,Embutidos,1830,1,1830,Mendiolaza,2023-04-01,-31.2641,-64.3091,Bajo,-0.63,-1.44,-1.12
6,2024-05-05,91,Uma Sanchez,uma.sanchez@mail.com,Transferencia,59,Chicle Menta,Dulcería,3612,4,14448,Mendiolaza,2023-04-01,-31.2641,-64.3091,Alto,0.73,0.76,1.28
7,2024-05-06,92,Mariana Rodriguez,mariana.rodriguez@mail.com,Efectivo,63,Granola 250g,Dulcería,4337,3,13011,Alta Gracia,2023-04-02,-31.6498,-64.4297,Alto,1.29,0.03,1.0
8,2024-01-06,66,Tomas Herrera,tomas.herrera@mail.com,Transferencia,53,Lavandina 1L,Limpieza,1664,5,8320,Villa María,2023-03-07,-32.4075,-63.2402,Medio,-0.76,1.49,0.11
8,2024-01-06,66,Tomas Herrera,tomas.herrera@mail.com,Transferencia,18,Queso Rallado 150g,Embutidos,3444,4,13776,Villa María,2023-03-07,-32.4075,-63.2402,Alto,0.6,0.76,1.15
8,2024-01-06,66,Tomas Herrera,tomas.herrera@mail.com,Transferencia,68,Vino Blanco 750ml,Licores,2684,5,13420,Villa María,2023-03-07,-32.4075,-63.2402,Alto,0.02,1.49,1.08
9,2024-01-20,86,Diego Torres,diego.torres@mail.com,Efectivo,65,Cerveza Rubia 1L,Licores,2423,4,9692,Córdoba,2023-03-27,-31.4065,-64.1885,Medio,-0.18,0.76,0.37
10,2024-05-28,52,Diego Diaz,diego.diaz@mail.com,QR,36,Dulce de Leche 400g,Abarrotes,2559,2,5118,Río Cuarto,2023-02-21,-33.1304,-64.3527,Medio,-0.07,-0.7,-0.5
10,2024-05-28,52,Diego Diaz,diego.diaz@mail.com,QR,100,Trapo de Piso,Limpieza,4854,4,19416,Río Cuarto,2023-02-21,-33.1304,-64.3527,Alto,1.68,0.76,2.22
10,2024-05-28,52,Diego Diaz,diego.diaz@mail.com,QR,37,Mermelada de Durazno 400g,Embutidos,3196,3,9588,Río Cuarto,2023-02-21,-33.1304,-64.3527,Medio,0.41,0.03,0.35
10,2024-05-28,52,Diego Diaz,diego.diaz@mail.com,QR,62,Stevia 100 sobres,Abarrotes,3848,1,3848,Río Cuarto,2023-02-21,-33.1304,-64.3527,Medio,0.91,-1.44,-0.74
11,2024-04-10,20,Tomas Acosta,tomas.acosta@mail.com,QR,13,Té Verde 20 saquitos,Abarrotes,2383,1,2383,Río Cuarto,2023-01-20,-33.1304,-64.3527,Bajo,-0.21,-1.44,-1.02
11,2024-04-10,20,Tomas Acosta,tomas.acosta@mail.com,QR,65,Cerveza Rubia 1L,Licores,2423,2,4846,Río Cuarto,2023-01-20,-33.1304,-64.3527,Medio,-0.18,-0.7,-0.55
11,2024-04-10,20,Tomas Acosta,tomas.acosta@mail.com,QR,28,Papas Fritas Clásicas 100g,Dulcería,936,1,936,Río Cuarto,2023-01-20,-33.1304,-64.3527,Bajo,-1.31,-1.44,-1.29
12,2024-06-28,96,Rocio Gonzalez,rocio.gonzalez@mail.com,Efectivo,72,Ron 700ml,Licores,3876,2,7752,Córdoba,2023-04-06,-31.4065,-64.1885,Medio,0.93,-0.7,0.0
12,2024-06-28,96,Rocio Gonzalez,rocio.gonzalez@mail.com,Efectivo,50,Azúcar 1kg,Abarrotes,727,2,1454,Córdoba,2023-04-06,-31.4065,-64.1885,Bajo,-1.47,-0.7,-1.19
12,2024-06-28,96,Rocio Gonzalez,rocio.gonzalez@mail.com,Efectivo,56,Papel Higiénico x4,Limpieza,2532,3,7596,Córdoba,2023-04-06,-31.4065,-64.1885,Medio,-0.09,0.03,-0.03
12,2024-06-28,96,Rocio Gonzalez,rocio.gonzalez@mail.com,Efectivo,87,Sopa Instantánea Pollo,Abarrotes,1679,3,5037,Córdoba,2023-04-06,-31.4065,-64.1885,Medio,-0.75,0.03,-0.51
12,2024-06-28,96,Rocio Gonzalez,rocio.gonzalez@mail.com,Efectivo,38,Mermelada de Frutilla 400g,Embutidos,1584,4,6336,Córdoba,2023-04-06,-31.4065,-64.1885,Medio,-0.82,0.76,-0.26
13,2024-01-24,6,Uma Medina,uma.medina@mail.com,Tarjeta,87,Sopa Instantánea Pollo,Abarrotes,1679,1,1679,Villa María,2023-01-06,-32.4075,-63.2402,Bajo,-0.75,-1.44,-1.15
13,2024-01-24,6,Uma Medina,uma.medina@mail.com,Tarjeta,81,Aceitunas Verdes 200g,Embutidos,2520,3,7560,Villa María,2023-01-06,-32.4075,-63.2402,Medio,-0.1,0.03,-0.03
13,2024-01-24,6,Uma Medina,uma.medina@mail.com,Tarjeta,13,Té Verde 20 saquitos,Abarrotes,2383,1,2383,Villa María,2023-01-06,-32.4075,-63.2402,Bajo,-0.21,-1.44,-1.02
14,2024-04-18,67,Ivana Romero,ivana.romero@mail.com,QR,36,Dulce de Leche 400g,Abarrotes,2559,4,10236,Alta Gracia,2023-03-08,-31.6498,-64.4297,Alto,-0.07,0.76,0.48
14,2024-04-18,67,Ivana Romero,ivana.romero@mail.com,QR,72,Ron 700ml,Licores,3876,5,19380,Alta Gracia,2023-03-08,-31.6498,-64.4297,Alto,0.93,1.49,2.21
14,2024-04-18,67,Ivana Romero,ivana.romero@mail.com,QR,38,Mermelada de Frutilla 400g,Embutidos,1584,3,4752,Alta Gracia,2023-03-08,-31.6498,-64.4297,Medio,-0.82,0.03,-0.57
14,2024-04-18,67,Ivana Romero,ivana.romero@mail.com,QR,97,Limpiavidrios 500ml,Limpieza,872,1,872,Alta Gracia,2023-03-08,-31.6498,-64.4297,Bajo,-1.36,-1.44,-1.3
15,2024-06-27,56,Bruno Diaz,bruno.diaz@mail.com,Transferencia,37,Mermelada de Durazno 400g,Embutidos,3196,3,9588,Río Cuarto,2023-02-25,-33.1304,-64.3527,Medio,0.41,0.03,0.35
16,2024-04-12,2,Nicolas Rojas,nicolas.rojas@mail.com,Efectivo,35,Barrita de Cereal 30g,Dulcería,4430,5,22150,Villa Carlos Paz,2023-01-02,-31.4183,-64.4901,Alto,1.36,1.49,2.74
17,2024-02-17,88,Felipe Castro,felipe.castro@mail.com,Efectivo,81,Aceitunas Verdes 200g,Embutidos,2520,5,12600,Villa María,2023-03-29,-32.4075,-63.2402,Alto,-0.1,1.49,0.92
17,2024-02-17,88,Felipe Castro,felipe.castro@mail.com,Efectivo,46,Lentejas Secas 500g,Abarrotes,3036,5,15180,Villa María,2023-03-29,-32.4075,-63.2402,Alto,0.29,1.49,1.41
17,2024-02-17,88,Felipe Castro,felipe.castro@mail.com,Efectivo,74,Whisky 750ml,Licores,2953,3,8859,Villa María,2023-03-29,-32.4075,-63.2402,Medio,0.23,0.03,0.21
18,2024-06-11,81,Camila Ruiz,camila.ruiz@mail.com,QR,33,Chocolate con Leche 100g,Abarrotes,1255,2,2510,Villa Carlos Paz,2023-03-22,-31.4183,-64.4901,Bajo,-1.07,-0.7,-0.99
18,2024-06-11,81,Camila Ruiz,camila.ruiz@mail.com,QR,4,Fanta Naranja 1.5L,Bebidas,2033,5,10165,Villa Carlos Paz,2023-03-22,-31.4183,-64.4901,Medio,-0.47,1.49,0.46
18,2024-06-11,81,Camila Ruiz,camila.ruiz@mail.com,QR,24,Galletitas Chocolate,Dulcería,1305,2,2610,Villa Carlos Paz,2023-03-22,-31.4183,-64.4901,Bajo,-1.03,-0.7,-0.97
18,2024-06-11,81,Camila Ruiz,camila.ruiz@mail.com,QR,15,Leche Descremada 1L,Abarrotes,2538,3,7614,Villa Carlos Paz,2023-03-22,-31.4183,-64.4901,Medio,-0.09,0.03,-0.02
18,2024-06-11,81,Camila Ruiz,camila.ruiz@mail.com,QR,22,Medialunas de Manteca,Embutidos,2069,5,10345,Villa Carlos Paz,2023-03-22,-31.4183,-64.4901,Alto,-0.45,1.49,0.5
19,2024-06-11,80,Gael Ruiz,gael.ruiz@mail.com,Efectivo,38,Mermelada de Frutilla 400g,Embutidos,1584,2,3168,Mendiolaza,2023-03-21,-31.2641,-64.3091,Bajo,-0.82,-0.7,-0.87
19,2024-06-11,80,Gael Ruiz,gael.ruiz@mail.com,Efectivo,98,Desengrasante 500ml,Limpieza,2843,3,8529,Mendiolaza,2023-03-21,-31.2641,-64.3091,Medio,0.14,0.03,0.15
19,2024-06-11,80,Gael Ruiz,gael.ruiz@mail.com,Efectivo,63,Granola 250g,Dulcería,4337,3,13011,Mendiolaza,2023-03-21,-31.2641,-64.3091,Alto,1.29,0.03,1.0
20,2024-01-13,75,Santiago Castro,santiago.castro@mail.com,Tarjeta,32,Chocolate Amargo 100g,Abarrotes,2234,3,6702,Río Cuarto,2023-03-16,-33.1304,-64.3527,Medio,-0.32,0.03,-0.2
21,2024-06-19,10,Karina Acosta,karina.acosta@mail.com,Transferencia,76,Pizza Congelada Muzzarella,Embutidos,4286,5,21430,Córdoba,2023-01-10,-31.4065,-64.1885,Alto,1.25,1.49,2.6
21,2024-06-19,10,Karina Acosta,karina.acosta@mail.com,Transferencia,35,Barrita de Cereal 30g,Dulcería,4430,1,4430,Córdoba,2023-01-10,-31.4065,-64.1885,Medio,1.36,-1.44,-0.63
22,2024-05-08,64,Julian Alvarez,julian.alvarez@mail.com,Transferencia,9,Yerba Mate Suave 1kg,Abarrotes,3878,2,7756,Villa María,2023-03-05,-32.4075,-63.2402,Medio,0.93,-0.7,0.0
22,2024-05-08,64,Julian Alvarez,julian.alvarez@mail.com,Transferencia,28,Papas Fritas Clásicas 100g,Dulcería,936,3,2808,Villa María,2023-03-05,-32.4075,-63.2402,Bajo,-1.31,0.03,-0.93
22,2024-05-08,64,Julian Alvarez,julian.alvarez@mail.com,Transferencia,24,Galletitas Chocolate,Dulcería,1305,4,5220,Villa María,2023-03-05,-32.4075,-63.2402,Medio,-1.03,0.76,-0.48
23,2024-05-16,78,Emilia Alvarez,emilia.alvarez@mail.com,Transferencia,64,Avena Instantánea 250g,Abarrotes,3953,4,15812,Villa María,2023-03-19,-32.4075,-63.2402,Alto,0.99,0.76,1.53
23,2024-05-16,78,Emilia Alvarez,emilia.alvarez@mail.com,Transferencia,83,Queso Untable 190g,Embutidos,1830,4,7320,Villa María,2023-03-19,-32.4075,-63.2402,Medio,-0.63,0.76,-0.08
24,2024-06-14,55,Olivia Ruiz,olivia.ruiz@mail.com,Tarjeta,91,Desodorante Aerosol,Limpieza,4690,2,9380,Mendiolaza,2023-02-24,-31.2641,-64.3091,Medio,1.56,-0.7,0.31
24,2024-06-14,55,Olivia Ruiz,olivia.ruiz@mail.com,Tarjeta,40,Helado Chocolate 1L,Dulcería,1215,5,6075,Mendiolaza,2023-02-24,-31.2641,-64.3091,Medio,-1.1,1.49,-0.31
25,2024-04-30,13,Ivana Sanchez,ivana.sanchez@mail.com,Transferencia,55,Shampoo 400ml,Limpieza,1407,1,1407,Villa Carlos Paz,2023-01-13,-31.4183,-64.4901,Bajo,-0.95,-1.44,-1.2
25,2024-04-30,13,Ivana Sanchez,ivana.sanchez@mail.com,Transferencia,95,Mascarilla Capilar,Limpieza,1581,5,7905,Villa Carlos Paz,2023-01-13,-31.4183,-64.4901,Medio,-0.82,1.49,0.03
25,2024-04-30,13,Ivana Sanchez,ivana.sanchez@mail.com,Transferencia,72,Ron 700ml,Licores,3876,1,3876,Villa Carlos Paz,2023-01-13,-31.4183,-64.4901,Medio,0.93,-1.44,-0.73
26,2024-01-23,49,Olivia Gomez,olivia.gomez@mail.com,Efectivo,79,Hamburguesas Congeladas x4,Embutidos,2420,2,4840,Río Cuarto,2023-02-18,-33.1304,-64.3527,Medio,-0.18,-0.7,-0.55
26,2024-01-23,49,Olivia Gomez,olivia.gomez@mail.com,Efectivo,86,Jugo en Polvo Limón,Abarrotes,4090,1,4090,Río Cuarto,2023-02-18,-33.1304,-64.3527,Medio,1.1,-1.44,-0.69
27,2024-02-25,9,Yamila Molina,yamila.molina@mail.com,Transferencia,7,Jugo de Manzana 1L,Bebidas,3269,4,13076,Villa Carlos Paz,2023-01-09,-31.4183,-64.4901,Alto,0.47,0.76,1.02
27,2024-02-25,9,Yamila Molina,yamila.molina@mail.com,Transferencia,78,Verduras Congeladas Mix,Verduras,4289,4,17156,Villa Carlos Paz,2023-01-09,-31.4183,-64.4901,Alto,1.25,0.76,1.79
28,2024-05-20,52,Diego Diaz,diego.diaz@mail.com,QR,74,Whisky 750ml,Licores,2953,1,2953,Río Cuarto,2023-02-21,-33.1304,-64.3527,Bajo,0.23,-1.44,-0.91
28,2024-05-20,52,Diego Diaz,diego.diaz@mail.com,QR,91,Desodorante Aerosol,Limpieza,4690,2,9380,Río Cuarto,2023-02-21,-33.1304,-64.3527,Medio,1.56,-0.7,0.31
28,2024-05-20,52,Diego Diaz,diego.diaz@mail.com,QR,72,Ron 700ml,Licores,3876,1,3876,Río Cuarto,2023-02-21,-33.1304,-64.3527,Medio,0.93,-1.44,-0.73
28,2024-05-20,52,Diego Diaz,diego.diaz@mail.com,QR,18,Queso Rallado 150g,Embutidos,3444,2,6888,Río Cuarto,2023-02-21,-33.1304,-64.3527,Medio,0.6,-0.7,-0.16
28,2024-05-20,52,Diego Diaz,diego.diaz@mail.com,QR,27,Alfajor Simple,Panadería,2502,5,12510,Río Cuarto,2023-02-21,-33.1304,-64.3527,Alto,-0.12,1.49,0.91
29,2024-02-20,49,Olivia Gomez,olivia.gomez@mail.com,QR,58,Caramelos Masticables,Dulcería,4752,1,4752,Río Cuarto,2023-02-18,-33.1304,-64.3527,Medio,1.6,-1.44,-0.57
29,2024-02-20,49,Olivia Gomez,olivia.gomez@mail.com,QR,36,Dulce de Leche 400g,Abarrotes,2559,2,5118,Río Cuarto,2023-02-18,-33.1304,-64.3527,Medio,-0.07,-0.7,-0.5
29,2024-02-20,49,Olivia Gomez,olivia.gomez@mail.com,QR,71,Vodka 700ml,Licores,508,4,2032,Río Cuarto,2023-02-18,-33.1304,-64.3527,Bajo,-1.64,0.76,-1.08
29,2024-02-20,49,Olivia Gomez,olivia.gomez@mail.com,QR,27,Alfajor Simple,Panadería,2502,2,5004,Río Cuarto,2023-02-18,-33.1304,-64.3527,Medio,-0.12,-0.7,-0.52
29,2024-02-20,49,Olivia Gomez,olivia.gomez@mail.com,QR,66,Cerveza Negra 1L,Licores,1533,1,1533,Río Cuarto,2023-02-18,-33.1304,-64.3527,Bajo,-0.86,-1.44,-1.18
30,2024-03-03,93,Gael Rojas,gael.rojas@mail.com,Efectivo,49,Harina de Trigo 1kg,Abarrotes,2512,4,10048,Alta Gracia,2023-04-03,-31.6498,-64.4297,Medio,-0.11,0.76,0.44
30,2024-03-03,93,Gael Rojas,gael.rojas@mail.com,Efectivo,78,Verduras Congeladas Mix,Verduras,4289,3,12867,Alta Gracia,2023-04-03,-31.6498,-64.4297,Alto,1.25,0.03,0.98
30,2024-03-03,93,Gael Rojas,gael.rojas@mail.com,Efectivo,82,Aceitunas Negras 200g,Embutidos,2394,4,9576,Alta Gracia,2023-04-03,-31.6498,-64.4297,Medio,-0.2,0.76,0.35
30,2024-03-03,93,Gael Rojas,gael.rojas@mail.com,Efectivo,7,Jugo de Manzana 1L,Bebidas,3269,1,3269,Alta Gracia,2023-04-03,-31.6498,-64.4297,Bajo,0.47,-1.44,-0.85
31,2024-05-22,19,Uma Silva,uma.silva@mail.com,Tarjeta,92,Crema Dental 90g,Limpieza,2512,4,10048,Mendiolaza,2023-01-19,-31.2641,-64.3091,Medio,-0.11,0.76,0.44
31,2024-05-22,19,Uma Silva,uma.silva@mail.com,Tarjeta,90,Toallas Húmedas x50,Limpieza,2902,3,8706,Mendiolaza,2023-01-19,-31.2641,-64.3091,Medio,0.19,0.03,0.19
31,2024-05-22,19,Uma Silva,uma.silva@mail.com,Tarjeta,84,Queso Azul 150g,Embutidos,1645,5,8225,Mendiolaza,2023-01-19,-31.2641,-64.3091,Medio,-0.77,1.49,0.09
32,2024-01-30,31,Felipe Ruiz,felipe.ruiz@mail.com,Efectivo,72,Ron 700ml,Licores,3876,5,19380,Villa María,2023-01-31,-32.4075,-63.2402,Alto,0.93,1.49,2.21
32,2024-01-30,31,Felipe Ruiz,felipe.ruiz@mail.com,Efectivo,53,Lavandina 1L,Limpieza,1664,4,6656,Villa María,2023-01-31,-32.4075,-63.2402,Medio,-0.76,0.76,-0.2
32,2024-01-30,31,Felipe Ruiz,felipe.ruiz@mail.com,Efectivo,17,Queso Cremoso 500g,Embutidos,4834,3,14502,Villa María,2023-01-31,-32.4075,-63.2402,Alto,1.67,0.03,1.29
32,2024-01-30,31,Felipe Ruiz,felipe.ruiz@mail.com,Efectivo,35,Barrita de Cereal 30g,Dulcería,4430,3,13290,Villa María,2023-01-31,-32.4075,-63.2402,Alto,1.36,0.03,1.06
33,2024-02-13,6,Uma Medina,uma.medina@mail.com,Efectivo,47,Garbanzos 500g,Abarrotes,2939,2,5878,Villa María,2023-01-06,-32.4075,-63.2402,Medio,0.22,-0.7,-0.35
33,2024-02-13,6,Uma Medina,uma.medina@mail.com,Efectivo,76,Pizza Congelada Muzzarella,Embutidos,4286,4,17144,Villa María,2023-01-06,-32.4075,-63.2402,Alto,1.25,0.76,1.79
33,2024-02-13,6,Uma Medina,uma.medina@mail.com,Efectivo,100,Trapo de Piso,Limpieza,4854,1,4854,Villa María,2023-01-06,-32.4075,-63.2402,Medio,1.68,-1.44,-0.55
33,2024-02-13,6,Uma Medina,uma.medina@mail.com,Efectivo,91,Desodorante Aerosol,Limpieza,4690,2,9380,Villa María,2023-01-06,-32.4075,-63.2402,Medio,1.56,-0.7,0.31
34,2024-01-13,58,Karina Acosta,karina.acosta2@mail.com,Transferencia,10,Yerba Mate Intensa 1kg,Abarrotes,4883,1,4883,Río Cuarto,2023-02-27,-33.1304,-64.3527,Medio,1.7,-1.44,-0.54
34,2024-01-13,58,Karina Acosta,karina.acosta2@mail.com,Transferencia,32,Chocolate Amargo 100g,Abarrotes,2234,5,11170,Río Cuarto,2023-02-27,-33.1304,-64.3527,Alto,-0.32,1.49,0.65
35,2024-05-30,61,Guadalupe Martinez,guadalupe.martinez@mail.com,Efectivo,93,Cepillo de Dientes,Limpieza,2142,3,6426,Río Cuarto,2023-03-02,-33.1304,-64.3527,Medio,-0.39,0.03,-0.25
35,2024-05-30,61,Guadalupe Martinez,guadalupe.martinez@mail.com,Efectivo,80,Helado de Frutilla 1L,Dulcería,1981,2,3962,Río Cuarto,2023-03-02,-33.1304,-64.3527,Medio,-0.51,-0.7,-0.72
35,2024-05-30,61,Guadalupe Martinez,guadalupe.martinez@mail.com,Efectivo,88,Caldo Concentrado Carne,Abarrotes,2570,5,12850,Río Cuarto,2023-03-02,-33.1304,-64.3527,Alto,-0.06,1.49,0.97
36,2024-06-25,5,Agustina Flores,agustina.flores@mail.com,Tarjeta,50,Azúcar 1kg,Abarrotes,727,4,2908,Córdoba,2023-01-05,-31.4065,-64.1885,Bajo,-1.47,0.76,-0.92
36,2024-06-25,5,Agustina Flores,agustina.flores@mail.com,Tarjeta,48,Porotos Negros 500g,Abarrotes,4462,2,8924,Córdoba,2023-01-05,-31.4065,-64.1885,Medio,1.38,-0.7,0.23
37,2024-05-17,57,Julian Acosta,julian.acosta@mail.com,QR,18,Queso Rallado 150g,Embutidos,3444,3,10332,Río Cuarto,2023-02-26,-33.1304,-64.3527,Alto,0.6,0.03,0.49
38,2024-05-29,56,Bruno Diaz,bruno.diaz@mail.com,Tarjeta,62,Stevia 100 sobres,Abarrotes,3848,5,19240,Río Cuarto,2023-02-25,-33.1304,-64.3527,Alto,0.91,1.49,2.19
38,2024-05-29,56,Bruno Diaz,bruno.diaz@mail.com,Tarjeta,14,Leche Entera 1L,Abarrotes,1723,3,5169,Río Cuarto,2023-02-25,-33.1304,-64.3527,Medio,-0.71,0.03,-0.49
38,2024-05-29,56,Bruno Diaz,bruno.diaz@mail.com,Tarjeta,65,Cerveza Rubia 1L,Licores,2423,5,12115,Río Cuarto,2023-02-25,-33.1304,-64.3527,Alto,-0.18,1.49,0.83
38,2024-05-29,56,Bruno Diaz,bruno.diaz@mail.com,Tarjeta,5,Agua Mineral 500ml,Bebidas,4777,3,14331,Río Cuarto,2023-02-25,-33.1304,-64.3527,Alto,1.62,0.03,1.25
39,2024-03-05,5,Agustina Flores,agustina.flores@mail.com,Efectivo,44,Arroz Largo Fino 1kg,Abarrotes,2979,4,11916,Córdoba,2023-01-05,-31.4065,-64.1885,Alto,0.25,0.76,0.79
39,2024-03-05,5,Agustina Flores,agustina.flores@mail.com,Efectivo,22,Medialunas de Manteca,Embutidos,2069,2,4138,Córdoba,2023-01-05,-31.4065,-64.1885,Medio,-0.45,-0.7,-0.68
39,2024-03-05,5,Agustina Flores,agustina.flores@mail.com,Efectivo,58,Caramelos Masticables,Dulcería,4752,4,19008,Córdoba,2023-01-05,-31.4065,-64.1885,Alto,1.6,0.76,2.14
39,2024-03-05,5,Agustina Flores,agustina.flores@mail.com,Efectivo,81,Aceitunas Verdes 200g,Embutidos,2520,4,10080,Córdoba,2023-01-05,-31.4065,-64.1885,Medio,-0.1,0.76,0.45
40,2024-05-13,15,Tomas Ruiz,tomas.ruiz@mail.com,Efectivo,44,Arroz Largo Fino 1kg,Abarrotes,2979,2,5958,Córdoba,2023-01-15,-31.4065,-64.1885,Medio,0.25,-0.7,-0.34
41,2024-03-08,29,Diego Fernandez,diego.fernandez@mail.com,Tarjeta,51,Sal Fina 500g,Abarrotes,1745,1,1745,Alta Gracia,2023-01-29,-31.6498,-64.4297,Bajo,-0.69,-1.44,-1.14
41,2024-03-08,29,Diego Fernandez,diego.fernandez@mail.com,Tarjeta,15,Leche Descremada 1L,Abarrotes,2538,1,2538,Alta Gracia,2023-01-29,-31.6498,-64.4297,Bajo,-0.09,-1.44,-0.99
42,2024-04-18,12,Gael Gomez,gael.gomez@mail.com,Tarjeta,47,Garbanzos 500g,Abarrotes,2939,3,8817,Alta Gracia,2023-01-12,-31.6498,-64.4297,Medio,0.22,0.03,0.21
42,2024-04-18,12,Gael Gomez,gael.gomez@mail.com,Tarjeta,29,Papas Fritas Onduladas 100g,Dulcería,1868,1,1868,Alta Gracia,2023-01-12,-31.6498,-64.4297,Bajo,-0.6,-1.44,-1.11
42,2024-04-18,12,Gael Gomez,gael.gomez@mail.com,Tarjeta,73,Gin 700ml,Licores,1561,3,4683,Alta Gracia,2023-01-12,-31.6498,-64.4297,Medio,-0.84,0.03,-0.58
43,2024-02-18,23,Helena Fernandez,helena.fernandez@mail.com,Efectivo,1,Coca Cola 1.5L,Bebidas,2347,5,11735,Río Cuarto,2023-01-23,-33.1304,-64.3527,Alto,-0.23,1.49,0.76
43,2024-02-18,23,Helena Fernandez,helena.fernandez@mail.com,Efectivo,49,Harina de Trigo 1kg,Abarrotes,2512,2,5024,Río Cuarto,2023-01-23,-33.1304,-64.3527,Medio,-0.11,-0.7,-0.51
43,2024-02-18,23,Helena Fernandez,helena.fernandez@mail.com,Efectivo,66,Cerveza Negra 1L,Licores,1533,2,3066,Río Cuarto,2023-01-23,-33.1304,-64.3527,Bajo,-0.86,-0.7,-0.89
44,2024-02-21,21,Elena Rodriguez,elena.rodriguez@mail.com,Efectivo,48,Porotos Negros 500g,Abarrotes,4462,1,4462,Alta Gracia,2023-01-21,-31.6498,-64.4297,Medio,1.38,-1.44,-0.62
44,2024-02-21,21,Elena Rodriguez,elena.rodriguez@mail.com,Efectivo,47,Garbanzos 500g,Abarrotes,2939,2,5878,Alta Gracia,2023-01-21,-31.6498,-64.4297,Medio,0.22,-0.7,-0.35
44,2024-02-21,21,Elena Rodriguez,elena.rodriguez@mail.com,Efectivo,100,Trapo de Piso,Limpieza,4854,2,9708,Alta Gracia,2023-01-21,-31.6498,-64.4297,Medio,1.68,-0.7,0.38
45,2024-01-19,15,Tomas Ruiz,tomas.ruiz@mail.com,Efectivo,12,Té Negro 20 saquitos,Abarrotes,570,2,1140,Córdoba,2023-01-15,-31.4065,-64.1885,Bajo,-1.59,-0.7,-1.25
45,2024-01-19,15,Tomas Ruiz,tomas.ruiz@mail.com,Efectivo,18,Queso Rallado 150g,Embutidos,3444,2,6888,Córdoba,2023-01-15,-31.4065,-64.1885,Medio,0.6,-0.7,-0.16
45,2024-01-19,15,Tomas Ruiz,tomas.ruiz@mail.com,Efectivo,87,Sopa Instantánea Pollo,Abarrotes,1679,4,6716,Córdoba,2023-01-15,-31.4065,-64.1885,Medio,-0.75,0.76,-0.19
45,2024-01-19,15,Tomas Ruiz,tomas.ruiz@mail.com,Efectivo,98,Desengrasante 500ml,Limpieza,2843,1,2843,Córdoba,2023-01-15,-31.4065,-64.1885,Bajo,0.14,-1.44,-0.93
45,2024-01-19,15,Tomas Ruiz,tomas.ruiz@mail.com,Efectivo,52,Detergente Líquido 750ml,Limpieza,2582,2,5164,Córdoba,2023-01-15,-31.4065,-64.1885,Medio,-0.06,-0.7,-0.49
46,2024-03-25,46,Agustina Martinez,agustina.martinez@mail.com,Tarjeta,21,Pan Lactal Integral,Panadería,272,1,272,Alta Gracia,2023-02-15,-31.6498,-64.4297,Bajo,-1.82,-1.44,-1.42
47,2024-05-04,52,Diego Diaz,diego.diaz@mail.com,Transferencia,43,Salsa de Tomate 500g,Abarrotes,887,5,4435,Río Cuarto,2023-02-21,-33.1304,-64.3527,Medio,-1.35,1.49,-0.63
47,2024-05-04,52,Diego Diaz,diego.diaz@mail.com,Transferencia,6,Jugo de Naranja 1L,Bebidas,4170,3,12510,Río Cuarto,2023-02-21,-33.1304,-64.3527,Alto,1.16,0.03,0.91
48,2024-01-26,84,Pablo Sanchez,pablo.sanchez@mail.com,QR,70,Fernet 750ml,Licores,4061,1,4061,Córdoba,2023-03-25,-31.4065,-64.1885,Medio,1.07,-1.44,-0.7
48,2024-01-26,84,Pablo Sanchez,pablo.sanchez@mail.com,QR,54,Jabón de Tocador,Limpieza,1592,5,7960,Córdoba,2023-03-25,-31.4065,-64.1885,Medio,-0.81,1.49,0.04
48,2024-01-26,84,Pablo Sanchez,pablo.sanchez@mail.com,QR,57,Servilletas x100,Limpieza,4520,4,18080,Córdoba,2023-03-25,-31.4065,-64.1885,Alto,1.43,0.76,1.97
49,2024-06-02,5,Agustina Flores,agustina.flores@mail.com,Efectivo,59,Chicle Menta,Dulcería,3612,2,7224,Córdoba,2023-01-05,-31.4065,-64.1885,Medio,0.73,-0.7,-0.1
49,2024-06-02,5,Agustina Flores,agustina.flores@mail.com,Efectivo,21,Pan Lactal Integral,Panadería,272,4,1088,Córdoba,2023-01-05,-31.4065,-64.1885,Bajo,-1.82,0.76,-1.26
49,2024-06-02,5,Agustina Flores,agustina.flores@mail.com,Efectivo,59,Chicle Menta,Dulcería,3612,4,14448,Córdoba,2023-01-05,-31.4065,-64.1885,Alto,0.73,0.76,1.28
49,2024-06-02,5,Agustina Flores,agustina.flores@mail.com,Efectivo,18,Queso Rallado 150g,Embutidos,3444,3,10332,Córdoba,2023-01-05,-31.4065,-64.1885,Alto,0.6,0.03,0.49
49,2024-06-02,5,Agustina Flores,agustina.flores@mail.com,Efectivo,85,Jugo en Polvo Naranja,Bebidas,1856,3,5568,Córdoba,2023-01-05,-31.4065,-64.1885,Medio,-0.61,0.03,-0.41
50,2024-01-09,8,Bruno Castro,bruno.castro@mail.com,Transferencia,10,Yerba Mate Intensa 1kg,Abarrotes,4883,2,9766,Villa Carlos Paz,2023-01-08,-31.4183,-64.4901,Medio,1.7,-0.7,0.39
50,2024-01-09,8,Bruno Castro,bruno.castro@mail.com,Transferencia,34,Turrón 50g,Panadería,503,5,2515,Villa Carlos Paz,2023-01-08,-31.4183,-64.4901,Bajo,-1.64,1.49,-0.99
50,2024-01-09,8,Bruno Castro,bruno.castro@mail.com,Transferencia,58,Caramelos Masticables,Dulcería,4752,5,23760,Villa Carlos Paz,2023-01-08,-31.4183,-64.4901,Alto,1.6,1.49,3.04
50,2024-01-09,8,Bruno Castro,bruno.castro@mail.com,Transferencia,32,Chocolate Amargo 100g,Abarrotes,2234,3,6702,Villa Carlos Paz,2023-01-08,-31.4183,-64.4901,Medio,-0.32,0.03,-0.2
50,2024-01-09,8,Bruno Castro,bruno.castro@mail.com,Transferencia,91,Desodorante Aerosol,Limpieza,4690,4,18760,Villa Carlos Paz,2023-01-08,-31.4183,-64.4901,Alto,1.56,0.76,2.09
51,2024-02-18,39,Santiago Diaz,santiago.diaz@mail.com,Efectivo,31,Mix de Frutos Secos 200g,Dulcería,3409,1,3409,Alta Gracia,2023-02-08,-31.6498,-64.4297,Bajo,0.58,-1.44,-0.82
52,2024-05-10,5,Agustina Flores,agustina.flores@mail.com,Tarjeta,83,Queso Untable 190g,Embutidos,1830,2,3660,Córdoba,2023-01-05,-31.4065,-64.1885,Medio,-0.63,-0.7,-0.77
52,2024-05-10,5,Agustina Flores,agustina.flores@mail.com,Tarjeta,9,Yerba Mate Suave 1kg,Abarrotes,3878,4,15512,Córdoba,2023-01-05,-31.4065,-64.1885,Alto,0.93,0.76,1.48
52,2024-05-10,5,Agustina Flores,agustina.flores@mail.com,Tarjeta,81,Aceitunas Verdes 200g,Embutidos,2520,5,12600,Córdoba,2023-01-05,-31.4065,-64.1885,Alto,-0.1,1.49,0.92
52,2024-05-10,5,Agustina Flores,agustina.flores@mail.com,Tarjeta,38,Mermelada de Frutilla 400g,Embutidos,1584,3,4752,Córdoba,2023-01-05,-31.4065,-64.1885,Medio,-0.82,0.03,-0.57
53,2024-01-25,56,Bruno Diaz,bruno.diaz@mail.com,Tarjeta,28,Papas Fritas Clásicas 100g,Dulcería,936,1,936,Río Cuarto,2023-02-25,-33.1304,-64.3527,Bajo,-1.31,-1.44,-1.29
54,2024-03-26,1,Mariana Lopez,mariana.lopez@mail.com,Tarjeta,65,Cerveza Rubia 1L,Licores,2423,1,2423,Villa Carlos Paz,2023-01-01,-31.4183,-64.4901,Bajo,-0.18,-1.44,-1.01
54,2024-03-26,1,Mariana Lopez,mariana.lopez@mail.com,Tarjeta,18,Queso Rallado 150g,Embutidos,3444,2,6888,Villa Carlos Paz,2023-01-01,-31.4183,-64.4901,Medio,0.6,-0.7,-0.16
54,2024-03-26,1,Mariana Lopez,mariana.lopez@mail.com,Tarjeta,91,Desodorante Aerosol,Limpieza,4690,3,14070,Villa Carlos Paz,2023-01-01,-31.4183,-64.4901,Alto,1.56,0.03,1.2
54,2024-03-26,1,Mariana Lopez,mariana.lopez@mail.com,Tarjeta,8,Energética Nitro 500ml,Bebidas,4218,3,12654,Villa Carlos Paz,2023-01-01,-31.4183,-64.4901,Alto,1.19,0.03,0.94
55,2024-01-04,100,Agustina Lopez,agustina.lopez@mail.com,QR,39,Helado Vainilla 1L,Dulcería,469,4,1876,Córdoba,2023-04-10,-31.4065,-64.1885,Bajo,-1.67,0.76,-1.11
56,2024-06-14,15,Tomas Ruiz,tomas.ruiz@mail.com,QR,18,Queso Rallado 150g,Embutidos,3444,5,17220,Córdoba,2023-01-15,-31.4065,-64.1885,Alto,0.6,1.49,1.8
57,2024-01-10,34,Bruno Castro,bruno.castro2@mail.com,Efectivo,31,Mix de Frutos Secos 200g,Dulcería,3409,3,10227,Villa María,2023-02-03,-32.4075,-63.2402,Medio,0.58,0.03,0.47
57,2024-01-10,34,Bruno Castro,bruno.castro2@mail.com,Efectivo,41,Aceite de Girasol 1L,Abarrotes,860,4,3440,Villa María,2023-02-03,-32.4075,-63.2402,Bajo,-1.37,0.76,-0.81
57,2024-01-10,34,Bruno Castro,bruno.castro2@mail.com,Efectivo,9,Yerba Mate Suave 1kg,Abarrotes,3878,5,19390,Villa María,2023-02-03,-32.4075,-63.2402,Alto,0.93,1.49,2.21
57,2024-01-10,34,Bruno Castro,bruno.castro2@mail.com,Efectivo,76,Pizza Congelada Muzzarella,Embutidos,4286,3,12858,Villa María,2023-02-03,-32.4075,-63.2402,Alto,1.25,0.03,0.97
57,2024-01-10,34,Bruno Castro,bruno.castro2@mail.com,Efectivo,98,Desengrasante 500ml,Limpieza,2843,4,11372,Villa María,2023-02-03,-32.4075,-63.2402,Alto,0.14,0.76,0.69
58,2024-02-04,48,Rocio Alvarez,rocio.alvarez@mail.com,Transferencia,43,Salsa de Tomate 500g,Abarrotes,887,2,1774,Córdoba,2023-02-17,-31.4065,-64.1885,Bajo,-1.35,-0.7,-1.13
58,2024-02-04,48,Rocio Alvarez,rocio.alvarez@mail.com,Transferencia,11,Café Molido 250g,Abarrotes,2053,1,2053,Córdoba,2023-02-17,-31.4065,-64.1885,Bajo,-0.46,-1.44,-1.08
59,2024-04-28,62,Guadalupe Romero,guadalupe.romero@mail.com,Tarjeta,31,Mix de Frutos Secos 200g,Dulcería,3409,1,3409,Villa Carlos Paz,2023-03-03,-31.4183,-64.4901,Bajo,0.58,-1.44,-0.82
59,2024-04-28,62,Guadalupe Romero,guadalupe.romero@mail.com,Tarjeta,8,Energética Nitro 500ml,Bebidas,4218,2,8436,Villa Carlos Paz,2023-03-03,-31.4183,-64.4901,Medio,1.19,-0.7,0.13
59,2024-04-28,62,Guadalupe Romero,guadalupe.romero@mail.com,Tarjeta,97,Limpiavidrios 500ml,Limpieza,872,5,4360,Villa Carlos Paz,2023-03-03,-31.4183,-64.4901,Medio,-1.36,1.49,-0.64
60,2024-04-04,81,Camila Ruiz,camila.ruiz@mail.com,Transferencia,43,Salsa de Tomate 500g,Abarrotes,887,1,887,Villa Carlos Paz,2023-03-22,-31.4183,-64.4901,Bajo,-1.35,-1.44,-1.3
60,2024-04-04,81,Camila Ruiz,camila.ruiz@mail.com,Transferencia,98,Desengrasante 500ml,Limpieza,2843,3,8529,Villa Carlos Paz,2023-03-22,-31.4183,-64.4901,Medio,0.14,0.03,0.15
60,2024-04-04,81,Camila Ruiz,camila.ruiz@mail.com,Transferencia,15,Leche Descremada 1L,Abarrotes,2538,1,2538,Villa Carlos Paz,2023-03-22,-31.4183,-64.4901,Bajo,-0.09,-1.44,-0.99
60,2024-04-04,81,Camila Ruiz,camila.ruiz@mail.com,Transferencia,21,Pan Lactal Integral,Panadería,272,2,544,Villa Carlos Paz,2023-03-22,-31.4183,-64.4901,Bajo,-1.82,-0.7,-1.36
60,2024-04-04,81,Camila Ruiz,camila.ruiz@mail.com,Transferencia,91,Desodorante Aerosol,Limpieza,4690,4,18760,Villa Carlos Paz,2023-03-22,-31.4183,-64.4901,Alto,1.56,0.76,2.09
61,2024-06-01,27,Tomas Castro,tomas.castro@mail.com,Efectivo,9,Yerba Mate Suave 1kg,Abarrotes,3878,3,11634,Río Cuarto,2023-01-27,-33.1304,-64.3527,Alto,0.93,0.03,0.74
61,2024-06-01,27,Tomas Castro,tomas.castro@mail.com,Efectivo,19,Manteca 200g,Embutidos,3251,3,9753,Río Cuarto,2023-01-27,-33.1304,-64.3527,Medio,0.46,0.03,0.38
62,2024-05-01,100,Agustina Lopez,agustina.lopez@mail.com,Transferencia,47,Garbanzos 500g,Abarrotes,2939,4,11756,Córdoba,2023-04-10,-31.4065,-64.1885,Alto,0.22,0.76,0.76
62,2024-05-01,100,Agustina Lopez,agustina.lopez@mail.com,Transferencia,95,Mascarilla Capilar,Limpieza,1581,3,4743,Córdoba,2023-04-10,-31.4065,-64.1885,Medio,-0.82,0.03,-0.57
63,2024-06-19,25,Karina Castro,karina.castro@mail.com,Tarjeta,8,Energética Nitro 500ml,Bebidas,4218,5,21090,Río Cuarto,2023-01-25,-33.1304,-64.3527,Alto,1.19,1.49,2.54
63,2024-06-19,25,Karina Castro,karina.castro@mail.com,Tarjeta,2,Pepsi 1.5L,Bebidas,4973,2,9946,Río Cuarto,2023-01-25,-33.1304,-64.3527,Medio,1.77,-0.7,0.42
63,2024-06-19,25,Karina Castro,karina.castro@mail.com,Tarjeta,70,Fernet 750ml,Licores,4061,3,12183,Río Cuarto,2023-01-25,-33.1304,-64.3527,Alto,1.07,0.03,0.85
63,2024-06-19,25,Karina Castro,karina.castro@mail.com,Tarjeta,45,Fideos Spaghetti 500g,Abarrotes,745,4,2980,Río Cuarto,2023-01-25,-33.1304,-64.3527,Bajo,-1.46,0.76,-0.9
64,2024-03-07,58,Karina Acosta,karina.acosta2@mail.com,QR,4,Fanta Naranja 1.5L,Bebidas,2033,2,4066,Río Cuarto,2023-02-27,-33.1304,-64.3527,Medio,-0.47,-0.7,-0.7
64,2024-03-07,58,Karina Acosta,karina.acosta2@mail.com,QR,41,Aceite de Girasol 1L,Abarrotes,860,2,1720,Río Cuarto,2023-02-27,-33.1304,-64.3527,Bajo,-1.37,-0.7,-1.14
65,2024-04-30,30,Ivana Medina,ivana.medina@mail.com,QR,77,Empanadas Congeladas,Embutidos,4778,4,19112,Alta Gracia,2023-01-30,-31.6498,-64.4297,Alto,1.62,0.76,2.16
65,2024-04-30,30,Ivana Medina,ivana.medina@mail.com,QR,22,Medialunas de Manteca,Embutidos,2069,3,6207,Alta Gracia,2023-01-30,-31.6498,-64.4297,Medio,-0.45,0.03,-0.29
65,2024-04-30,30,Ivana Medina,ivana.medina@mail.com,QR,38,Mermelada de Frutilla 400g,Embutidos,1584,5,7920,Alta Gracia,2023-01-30,-31.6498,-64.4297,Medio,-0.82,1.49,0.04
65,2024-04-30,30,Ivana Medina,ivana.medina@mail.com,QR,36,Dulce de Leche 400g,Abarrotes,2559,4,10236,Alta Gracia,2023-01-30,-31.6498,-64.4297,Alto,-0.07,0.76,0.48
66,2024-03-14,69,Felipe Flores,felipe.flores@mail.com,QR,16,Yogur Natural 200g,Bebidas,4613,3,13839,Río Cuarto,2023-03-10,-33.1304,-64.3527,Alto,1.5,0.03,1.16
67,2024-03-21,66,Tomas Herrera,tomas.herrera@mail.com,Efectivo,53,Lavandina 1L,Limpieza,1664,1,1664,Villa María,2023-03-07,-32.4075,-63.2402,Bajo,-0.76,-1.44,-1.15
67,2024-03-21,66,Tomas Herrera,tomas.herrera@mail.com,Efectivo,8,Energética Nitro 500ml,Bebidas,4218,2,8436,Villa María,2023-03-07,-32.4075,-63.2402,Medio,1.19,-0.7,0.13
68,2024-06-28,27,Tomas Castro,tomas.castro@mail.com,QR,94,Hilo Dental,Limpieza,1418,4,5672,Río Cuarto,2023-01-27,-33.1304,-64.3527,Medio,-0.94,0.76,-0.39
69,2024-01-06,42,Tomas Flores,tomas.flores@mail.com,QR,76,Pizza Congelada Muzzarella,Embutidos,4286,4,17144,Alta Gracia,2023-02-11,-31.6498,-64.4297,Alto,1.25,0.76,1.79
69,2024-01-06,42,Tomas Flores,tomas.flores@mail.com,QR,74,Whisky 750ml,Licores,2953,3,8859,Alta Gracia,2023-02-11,-31.6498,-64.4297,Medio,0.23,0.03,0.21
70,2024-02-02,41,Elena Rodriguez,elena.rodriguez2@mail.com,Transferencia,66,Cerveza Negra 1L,Licores,1533,3,4599,Alta Gracia,2023-02-10,-31.6498,-64.4297,Medio,-0.86,0.03,-0.59
70,2024-02-02,41,Elena Rodriguez,elena.rodriguez2@mail.com,Transferencia,89,Caldo Concentrado Verdura,Abarrotes,1003,4,4012,Alta Gracia,2023-02-10,-31.6498,-64.4297,Medio,-1.26,0.76,-0.71
70,2024-02-02,41,Elena Rodriguez,elena.rodriguez2@mail.com,Transferencia,38,Mermelada de Frutilla 400g,Embutidos,1584,3,4752,Alta Gracia,2023-02-10,-31.6498,-64.4297,Medio,-0.82,0.03,-0.57
71,2024-06-02,40,Felipe Diaz,felipe.diaz@mail.com,QR,11,Café Molido 250g,Abarrotes,2053,3,6159,Río Cuarto,2023-02-09,-33.1304,-64.3527,Medio,-0.46,0.03,-0.3
71,2024-06-02,40,Felipe Diaz,felipe.diaz@mail.com,QR,79,Hamburguesas Congeladas x4,Embutidos,2420,4,9680,Río Cuarto,2023-02-09,-33.1304,-64.3527,Medio,-0.18,0.76,0.37
71,2024-06-02,40,Felipe Diaz,felipe.diaz@mail.com,QR,100,Trapo de Piso,Limpieza,4854,4,19416,Río Cuarto,2023-02-09,-33.1304,-64.3527,Alto,1.68,0.76,2.22
71,2024-06-02,40,Felipe Diaz,felipe.diaz@mail.com,QR,92,Crema Dental 90g,Limpieza,2512,1,2512,Río Cuarto,2023-02-09,-33.1304,-64.3527,Bajo,-0.11,-1.44,-0.99
72,2024-02-17,26,Camila Sanchez,camila.sanchez@mail.com,QR,94,Hilo Dental,Limpieza,1418,3,4254,Alta Gracia,2023-01-26,-31.6498,-64.4297,Medio,-0.94,0.03,-0.66
72,2024-02-17,26,Camila Sanchez,camila.sanchez@mail.com,QR,41,Aceite de Girasol 1L,Abarrotes,860,4,3440,Alta Gracia,2023-01-26,-31.6498,-64.4297,Bajo,-1.37,0.76,-0.81
72,2024-02-17,26,Camila Sanchez,camila.sanchez@mail.com,QR,51,Sal Fina 500g,Abarrotes,1745,2,3490,Alta Gracia,2023-01-26,-31.6498,-64.4297,Medio,-0.69,-0.7,-0.81
73,2024-05-16,42,Tomas Flores,tomas.flores@mail.com,Transferencia,28,Papas Fritas Clásicas 100g,Dulcería,936,1,936,Alta Gracia,2023-02-11,-31.6498,-64.4297,Bajo,-1.31,-1.44,-1.29
73,2024-05-16,42,Tomas Flores,tomas.flores@mail.com,Transferencia,24,Galletitas Chocolate,Dulcería,1305,3,3915,Alta Gracia,2023-02-11,-31.6498,-64.4297,Medio,-1.03,0.03,-0.72
73,2024-05-16,42,Tomas Flores,tomas.flores@mail.com,Transferencia,19,Manteca 200g,Embutidos,3251,1,3251,Alta Gracia,2023-02-11,-31.6498,-64.4297,Bajo,0.46,-1.44,-0.85
74,2024-04-26,56,Bruno Diaz,bruno.diaz@mail.com,Efectivo,32,Chocolate Amargo 100g,Abarrotes,2234,3,6702,Río Cuarto,2023-02-25,-33.1304,-64.3527,Medio,-0.32,0.03,-0.2
74,2024-04-26,56,Bruno Diaz,bruno.diaz@mail.com,Efectivo,14,Leche Entera 1L,Abarrotes,1723,2,3446,Río Cuarto,2023-02-25,-33.1304,-64.3527,Bajo,-0.71,-0.7,-0.81
74,2024-04-26,56,Bruno Diaz,bruno.diaz@mail.com,Efectivo,55,Shampoo 400ml,Limpieza,1407,2,2814,Río Cuarto,2023-02-25,-33.1304,-64.3527,Bajo,-0.95,-0.7,-0.93
75,2024-05-23,61,Guadalupe Martinez,guadalupe.martinez@mail.com,QR,3,Sprite 1.5L,Bebidas,4964,4,19856,Río Cuarto,2023-03-02,-33.1304,-64.3527,Alto,1.76,0.76,2.3
75,2024-05-23,61,Guadalupe Martinez,guadalupe.martinez@mail.com,QR,2,Pepsi 1.5L,Bebidas,4973,5,24865,Río Cuarto,2023-03-02,-33.1304,-64.3527,Alto,1.77,1.49,3.25
76,2024-05-15,75,Santiago Castro,santiago.castro@mail.com,Tarjeta,22,Medialunas de Manteca,Embutidos,2069,4,8276,Río Cuarto,2023-03-16,-33.1304,-64.3527,Medio,-0.45,0.76,0.1
76,2024-05-15,75,Santiago Castro,santiago.castro@mail.com,Tarjeta,23,Bizcochos Salados,Panadería,2380,4,9520,Río Cuarto,2023-03-16,-33.1304,-64.3527,Medio,-0.21,0.76,0.34
76,2024-05-15,75,Santiago Castro,santiago.castro@mail.com,Tarjeta,24,Galletitas Chocolate,Dulcería,1305,1,1305,Río Cuarto,2023-03-16,-33.1304,-64.3527,Bajo,-1.03,-1.44,-1.22
76,2024-05-15,75,Santiago Castro,santiago.castro@mail.com,Tarjeta,11,Café Molido 250g,Abarrotes,2053,2,4106,Río Cuarto,2023-03-16,-33.1304,-64.3527,Medio,-0.46,-0.7,-0.69
77,2024-05-26,55,Olivia Ruiz,olivia.ruiz@mail.com,Tarjeta,53,Lavandina 1L,Limpieza,1664,2,3328,Mendiolaza,2023-02-24,-31.2641,-64.3091,Bajo,-0.76,-0.7,-0.84
77,2024-05-26,55,Olivia Ruiz,olivia.ruiz@mail.com,Tarjeta,41,Aceite de Girasol 1L,Abarrotes,860,1,860,Mendiolaza,2023-02-24,-31.2641,-64.3091,Bajo,-1.37,-1.44,-1.3
77,2024-05-26,55,Olivia Ruiz,olivia.ruiz@mail.com,Tarjeta,34,Turrón 50g,Panadería,503,5,2515,Mendiolaza,2023-02-24,-31.2641,-64.3091,Bajo,-1.64,1.49,-0.99
77,2024-05-26,55,Olivia Ruiz,olivia.ruiz@mail.com,Tarjeta,98,Desengrasante 500ml,Limpieza,2843,2,5686,Mendiolaza,2023-02-24,-31.2641,-64.3091,Medio,0.14,-0.7,-0.39
77,2024-05-26,55,Olivia Ruiz,olivia.ruiz@mail.com,Tarjeta,39,Helado Vainilla 1L,Dulcería,469,2,938,Mendiolaza,2023-02-24,-31.2641,-64.3091,Bajo,-1.67,-0.7,-1.29
78,2024-04-29,12,Gael Gomez,gael.gomez@mail.com,QR,37,Mermelada de Durazno 400g,Embutidos,3196,3,9588,Alta Gracia,2023-01-12,-31.6498,-64.4297,Medio,0.41,0.03,0.35
78,2024-04-29,12,Gael Gomez,gael.gomez@mail.com,QR,79,Hamburguesas Congeladas x4,Embutidos,2420,5,12100,Alta Gracia,2023-01-12,-31.6498,-64.4297,Alto,-0.18,1.49,0.83
78,2024-04-29,12,Gael Gomez,gael.gomez@mail.com,QR,17,Queso Cremoso 500g,Embutidos,4834,2,9668,Alta Gracia,2023-01-12,-31.6498,-64.4297,Medio,1.67,-0.7,0.37
78,2024-04-29,12,Gael Gomez,gael.gomez@mail.com,QR,85,Jugo en Polvo Naranja,Bebidas,1856,1,1856,Alta Gracia,2023-01-12,-31.6498,-64.4297,Bajo,-0.61,-1.44,-1.12
78,2024-04-29,12,Gael Gomez,gael.gomez@mail.com,QR,39,Helado Vainilla 1L,Dulcería,469,2,938,Alta Gracia,2023-01-12,-31.6498,-64.4297,Bajo,-1.67,-0.7,-1.29
79,2024-06-06,57,Julian Acosta,julian.acosta@mail.com,QR,81,Aceitunas Verdes 200g,Embutidos,2520,2,5040,Río Cuarto,2023-02-26,-33.1304,-64.3527,Medio,-0.1,-0.7,-0.51
79,2024-06-06,57,Julian Acosta,julian.acosta@mail.com,QR,56,Papel Higiénico x4,Limpieza,2532,2,5064,Río Cuarto,2023-02-26,-33.1304,-64.3527,Medio,-0.09,-0.7,-0.51
80,2024-03-25,54,Uma Herrera,uma.herrera@mail.com,Efectivo,39,Helado Vainilla 1L,Dulcería,469,5,2345,Alta Gracia,2023-02-23,-31.6498,-64.4297,Bajo,-1.67,1.49,-1.02
80,2024-03-25,54,Uma Herrera,uma.herrera@mail.com,Efectivo,30,Maní Salado 200g,Dulcería,4875,3,14625,Alta Gracia,2023-02-23,-31.6498,-64.4297,Alto,1.7,0.03,1.31
80,2024-03-25,54,Uma Herrera,uma.herrera@mail.com,Efectivo,41,Aceite de Girasol 1L,Abarrotes,860,5,4300,Alta Gracia,2023-02-23,-31.6498,-64.4297,Medio,-1.37,1.49,-0.65
81,2024-03-09,49,Olivia Gomez,olivia.gomez@mail.com,Transferencia,10,Yerba Mate Intensa 1kg,Abarrotes,4883,2,9766,Río Cuarto,2023-02-18,-33.1304,-64.3527,Medio,1.7,-0.7,0.39
82,2024-01-25,19,Uma Silva,uma.silva@mail.com,Tarjeta,38,Mermelada de Frutilla 400g,Embutidos,1584,1,1584,Mendiolaza,2023-01-19,-31.2641,-64.3091,Bajo,-0.82,-1.44,-1.17
82,2024-01-25,19,Uma Silva,uma.silva@mail.com,Tarjeta,28,Papas Fritas Clásicas 100g,Dulcería,936,2,1872,Mendiolaza,2023-01-19,-31.2641,-64.3091,Bajo,-1.31,-0.7,-1.11
82,2024-01-25,19,Uma Silva,uma.silva@mail.com,Tarjeta,29,Papas Fritas Onduladas 100g,Dulcería,1868,5,9340,Mendiolaza,2023-01-19,-31.2641,-64.3091,Medio,-0.6,1.49,0.31
82,2024-01-25,19,Uma Silva,uma.silva@mail.com,Tarjeta,82,Aceitunas Negras 200g,Embutidos,2394,2,4788,Mendiolaza,2023-01-19,-31.2641,-64.3091,Medio,-0.2,-0.7,-0.56
83,2024-05-28,91,Uma Sanchez,uma.sanchez@mail.com,Efectivo,5,Agua Mineral 500ml,Bebidas,4777,2,9554,Mendiolaza,2023-04-01,-31.2641,-64.3091,Medio,1.62,-0.7,0.35
83,2024-05-28,91,Uma Sanchez,uma.sanchez@mail.com,Efectivo,26,Alfajor Triple,Panadería,1001,2,2002,Mendiolaza,2023-04-01,-31.2641,-64.3091,Bajo,-1.26,-0.7,-1.09
83,2024-05-28,91,Uma Sanchez,uma.sanchez@mail.com,Efectivo,73,Gin 700ml,Licores,1561,5,7805,Mendiolaza,2023-04-01,-31.2641,-64.3091,Medio,-0.84,1.49,0.01
83,2024-05-28,91,Uma Sanchez,uma.sanchez@mail.com,Efectivo,51,Sal Fina 500g,Abarrotes,1745,2,3490,Mendiolaza,2023-04-01,-31.2641,-64.3091,Medio,-0.69,-0.7,-0.81
84,2024-01-02,72,Camila Rodriguez,camila.rodriguez@mail.com,Efectivo,83,Queso Untable 190g,Embutidos,1830,5,9150,Córdoba,2023-03-13,-31.4065,-64.1885,Medio,-0.63,1.49,0.27
84,2024-01-02,72,Camila Rodriguez,camila.rodriguez@mail.com,Efectivo,76,Pizza Congelada Muzzarella,Embutidos,4286,4,17144,Córdoba,2023-03-13,-31.4065,-64.1885,Alto,1.25,0.76,1.79
85,2024-01-23,42,Tomas Flores,tomas.flores@mail.com,Transferencia,32,Chocolate Amargo 100g,Abarrotes,2234,4,8936,Alta Gracia,2023-02-11,-31.6498,-64.4297,Medio,-0.32,0.76,0.23
85,2024-01-23,42,Tomas Flores,tomas.flores@mail.com,Transferencia,80,Helado de Frutilla 1L,Dulcería,1981,2,3962,Alta Gracia,2023-02-11,-31.6498,-64.4297,Medio,-0.51,-0.7,-0.72
86,2024-01-10,40,Felipe Diaz,felipe.diaz@mail.com,Efectivo,66,Cerveza Negra 1L,Licores,1533,2,3066,Río Cuarto,2023-02-09,-33.1304,-64.3527,Bajo,-0.86,-0.7,-0.89
86,2024-01-10,40,Felipe Diaz,felipe.diaz@mail.com,Efectivo,1,Coca Cola 1.5L,Bebidas,2347,4,9388,Río Cuarto,2023-02-09,-33.1304,-64.3527,Medio,-0.23,0.76,0.31
86,2024-01-10,40,Felipe Diaz,felipe.diaz@mail.com,Efectivo,13,Té Verde 20 saquitos,Abarrotes,2383,5,11915,Río Cuarto,2023-02-09,-33.1304,-64.3527,Alto,-0.21,1.49,0.79
86,2024-01-10,40,Felipe Diaz,felipe.diaz@mail.com,Efectivo,41,Aceite de Girasol 1L,Abarrotes,860,3,2580,Río Cuarto,2023-02-09,-33.1304,-64.3527,Bajo,-1.37,0.03,-0.98
87,2024-04-20,100,Agustina Lopez,agustina.lopez@mail.com,QR,53,Lavandina 1L,Limpieza,1664,2,3328,Córdoba,2023-04-10,-31.4065,-64.1885,Bajo,-0.76,-0.7,-0.84
87,2024-04-20,100,Agustina Lopez,agustina.lopez@mail.com,QR,86,Jugo en Polvo Limón,Abarrotes,4090,2,8180,Córdoba,2023-04-10,-31.4065,-64.1885,Medio,1.1,-0.7,0.09
88,2024-06-21,37,Martina Perez,martina.perez@mail.com,Efectivo,7,Jugo de Manzana 1L,Bebidas,3269,5,16345,Mendiolaza,2023-02-06,-31.2641,-64.3091,Alto,0.47,1.49,1.64
88,2024-06-21,37,Martina Perez,martina.perez@mail.com,Efectivo,53,Lavandina 1L,Limpieza,1664,5,8320,Mendiolaza,2023-02-06,-31.2641,-64.3091,Medio,-0.76,1.49,0.11
88,2024-06-21,37,Martina Perez,martina.perez@mail.com,Efectivo,8,Energética Nitro 500ml,Bebidas,4218,4,16872,Mendiolaza,2023-02-06,-31.2641,-64.3091,Alto,1.19,0.76,1.74
89,2024-01-18,17,Pablo Gomez,pablo.gomez@mail.com,Tarjeta,72,Ron 700ml,Licores,3876,2,7752,Villa María,2023-01-17,-32.4075,-63.2402,Medio,0.93,-0.7,0.0
90,2024-01-08,46,Agustina Martinez,agustina.martinez@mail.com,QR,79,Hamburguesas Congeladas x4,Embutidos,2420,4,9680,Alta Gracia,2023-02-15,-31.6498,-64.4297,Medio,-0.18,0.76,0.37
90,2024-01-08,46,Agustina Martinez,agustina.martinez@mail.com,QR,6,Jugo de Naranja 1L,Bebidas,4170,2,8340,Alta Gracia,2023-02-15,-31.6498,-64.4297,Medio,1.16,-0.7,0.12
91,2024-02-19,39,Santiago Diaz,santiago.diaz@mail.com,Efectivo,57,Servilletas x100,Limpieza,4520,3,13560,Alta Gracia,2023-02-08,-31.6498,-64.4297,Alto,1.43,0.03,1.11
92,2024-02-09,42,Tomas Flores,tomas.flores@mail.com,Transferencia,10,Yerba Mate Intensa 1kg,Abarrotes,4883,2,9766,Alta Gracia,2023-02-11,-31.6498,-64.4297,Medio,1.7,-0.7,0.39
92,2024-02-09,42,Tomas Flores,tomas.flores@mail.com,Transferencia,43,Salsa de Tomate 500g,Abarrotes,887,4,3548,Alta Gracia,2023-02-11,-31.6498,-64.4297,Medio,-1.35,0.76,-0.79
93,2024-01-29,90,Guadalupe Ruiz,guadalupe.ruiz@mail.com,Efectivo,80,Helado de Frutilla 1L,Dulcería,1981,4,7924,Río Cuarto,2023-03-31,-33.1304,-64.3527,Medio,-0.51,0.76,0.04
93,2024-01-29,90,Guadalupe Ruiz,guadalupe.ruiz@mail.com,Efectivo,66,Cerveza Negra 1L,Licores,1533,3,4599,Río Cuarto,2023-03-31,-33.1304,-64.3527,Medio,-0.86,0.03,-0.59
93,2024-01-29,90,Guadalupe Ruiz,guadalupe.ruiz@mail.com,Efectivo,91,Desodorante Aerosol,Limpieza,4690,3,14070,Río Cuarto,2023-03-31,-33.1304,-64.3527,Alto,1.56,0.03,1.2
94,2024-03-06,41,Elena Rodriguez,elena.rodriguez2@mail.com,QR,24,Galletitas Chocolate,Dulcería,1305,1,1305,Alta Gracia,2023-02-10,-31.6498,-64.4297,Bajo,-1.03,-1.44,-1.22
94,2024-03-06,41,Elena Rodriguez,elena.rodriguez2@mail.com,QR,86,Jugo en Polvo Limón,Abarrotes,4090,5,20450,Alta Gracia,2023-02-10,-31.6498,-64.4297,Alto,1.1,1.49,2.42
94,2024-03-06,41,Elena Rodriguez,elena.rodriguez2@mail.com,QR,98,Desengrasante 500ml,Limpieza,2843,2,5686,Alta Gracia,2023-02-10,-31.6498,-64.4297,Medio,0.14,-0.7,-0.39
95,2024-02-25,26,Camila Sanchez,camila.sanchez@mail.com,QR,72,Ron 700ml,Licores,3876,5,19380,Alta Gracia,2023-01-26,-31.6498,-64.4297,Alto,0.93,1.49,2.21
95,2024-02-25,26,Camila Sanchez,camila.sanchez@mail.com,QR,12,Té Negro 20 saquitos,Abarrotes,570,1,570,Alta Gracia,2023-01-26,-31.6498,-64.4297,Bajo,-1.59,-1.44,-1.36
96,2024-02-23,83,Franco Gomez,franco.gomez@mail.com,Tarjeta,81,Aceitunas Verdes 200g,Embutidos,2520,3,7560,Río Cuarto,2023-03-24,-33.1304,-64.3527,Medio,-0.1,0.03,-0.03
96,2024-02-23,83,Franco Gomez,franco.gomez@mail.com,Tarjeta,68,Vino Blanco 750ml,Licores,2684,1,2684,Río Cuarto,2023-03-24,-33.1304,-64.3527,Bajo,0.02,-1.44,-0.96
96,2024-02-23,83,Franco Gomez,franco.gomez@mail.com,Tarjeta,11,Café Molido 250g,Abarrotes,2053,2,4106,Río Cuarto,2023-03-24,-33.1304,-64.3527,Medio,-0.46,-0.7,-0.69
96,2024-02-23,83,Franco Gomez,franco.gomez@mail.com,Tarjeta,50,Azúcar 1kg,Abarrotes,727,3,2181,Río Cuarto,2023-03-24,-33.1304,-64.3527,Bajo,-1.47,0.03,-1.05
97,2024-06-16,39,Santiago Diaz,santiago.diaz@mail.com,Efectivo,59,Chicle Menta,Dulcería,3612,5,18060,Alta Gracia,2023-02-08,-31.6498,-64.4297,Alto,0.73,1.49,1.96
97,2024-06-16,39,Santiago Diaz,santiago.diaz@mail.com,Efectivo,36,Dulce de Leche 400g,Abarrotes,2559,1,2559,Alta Gracia,2023-02-08,-31.6498,-64.4297,Bajo,-0.07,-1.44,-0.98
97,2024-06-16,39,Santiago Diaz,santiago.diaz@mail.com,Efectivo,4,Fanta Naranja 1.5L,Bebidas,2033,3,6099,Alta Gracia,2023-02-08,-31.6498,-64.4297,Medio,-0.47,0.03,-0.31
98,2024-01-12,43,Lucas Perez,lucas.perez@mail.com,Transferencia,28,Papas Fritas Clásicas 100g,Dulcería,936,4,3744,Mendiolaza,2023-02-12,-31.2641,-64.3091,Medio,-1.31,0.76,-0.76
98,2024-01-12,43,Lucas Perez,lucas.perez@mail.com,Transferencia,61,Miel Pura 250g,Embutidos,4982,1,4982,Mendiolaza,2023-02-12,-31.2641,-64.3091,Medio,1.78,-1.44,-0.52
98,2024-01-12,43,Lucas Perez,lucas.perez@mail.com,Transferencia,29,Papas Fritas Onduladas 100g,Dulcería,1868,1,1868,Mendiolaza,2023-02-12,-31.2641,-64.3091,Bajo,-0.6,-1.44,-1.11
98,2024-01-12,43,Lucas Perez,lucas.perez@mail.com,Transferencia,83,Queso Untable 190g,Embutidos,1830,3,5490,Mendiolaza,2023-02-12,-31.2641,-64.3091,Medio,-0.63,0.03,-0.43
99,2024-03-13,51,Agustina Gomez,agustina.gomez@mail.com,Transferencia,40,Helado Chocolate 1L,Dulcería,1215,5,6075,Río Cuarto,2023-02-20,-33.1304,-64.3527,Medio,-1.1,1.49,-0.31
100,2024-06-08,69,Felipe Flores,felipe.flores@mail.com,QR,13,Té Verde 20 saquitos,Abarrotes,2383,3,7149,Río Cuarto,2023-03-10,-33.1304,-64.3527,Medio,-0.21,0.03,-0.11
100,2024-06-08,69,Felipe Flores,felipe.flores@mail.com,QR,18,Queso Rallado 150g,Embutidos,3444,4,13776,Río Cuarto,2023-03-10,-33.1304,-64.3527,Alto,0.6,0.76,1.15
100,2024-06-08,69,Felipe Flores,felipe.flores@mail.com,QR,58,Caramelos Masticables,Dulcería,4752,2,9504,Río Cuarto,2023-03-10,-33.1304,-64.3527,Medio,1.6,-0.7,0.34
100,2024-06-08,69,Felipe Flores,felipe.flores@mail.com,QR,57,Servilletas x100,Limpieza,4520,1,4520,Río Cuarto,2023-03-10,-33.1304,-64.3527,Medio,1.43,-1.44,-0.61
100,2024-06-08,69,Felipe Flores,felipe.flores@mail.com,QR,9,Yerba Mate Suave 1kg,Abarrotes,3878,4,15512,Río Cuarto,2023-03-10,-33.1304,-64.3527,Alto,0.93,0.76,1.48
101,2024-03-28,72,Camila Rodriguez,camila.rodriguez@mail.com,Efectivo,34,Turrón 50g,Panadería,503,4,2012,Córdoba,2023-03-13,-31.4065,-64.1885,Bajo,-1.64,0.76,-1.09
102,2024-03-29,18,Ivana Torres,ivana.torres@mail.com,Efectivo,78,Verduras Congeladas Mix,Verduras,4289,3,12867,Villa Carlos Paz,2023-01-18,-31.4183,-64.4901,Alto,1.25,0.03,0.98
102,2024-03-29,18,Ivana Torres,ivana.torres@mail.com,Efectivo,36,Dulce de Leche 400g,Abarrotes,2559,3,7677,Villa Carlos Paz,2023-01-18,-31.4183,-64.4901,Medio,-0.07,0.03,-0.01
103,2024-03-11,39,Santiago Diaz,santiago.diaz@mail.com,Efectivo,79,Hamburguesas Congeladas x4,Embutidos,2420,5,12100,Alta Gracia,2023-02-08,-31.6498,-64.4297,Alto,-0.18,1.49,0.83
103,2024-03-11,39,Santiago Diaz,santiago.diaz@mail.com,Efectivo,43,Salsa de Tomate 500g,Abarrotes,887,5,4435,Alta Gracia,2023-02-08,-31.6498,-64.4297,Medio,-1.35,1.49,-0.63
103,2024-03-11,39,Santiago Diaz,santiago.diaz@mail.com,Efectivo,34,Turrón 50g,Panadería,503,1,503,Alta Gracia,2023-02-08,-31.6498,-64.4297,Bajo,-1.64,-1.44,-1.37
103,2024-03-11,39,Santiago Diaz,santiago.diaz@mail.com,Efectivo,70,Fernet 750ml,Licores,4061,1,4061,Alta Gracia,2023-02-08,-31.6498,-64.4297,Medio,1.07,-1.44,-0.7
104,2024-06-17,86,Diego Torres,diego.torres@mail.com,QR,95,Mascarilla Capilar,Limpieza,1581,2,3162,Córdoba,2023-03-27,-31.4065,-64.1885,Bajo,-0.82,-0.7,-0.87
104,2024-06-17,86,Diego Torres,diego.torres@mail.com,QR,68,Vino Blanco 750ml,Licores,2684,3,8052,Córdoba,2023-03-27,-31.4065,-64.1885,Medio,0.02,0.03,0.06
104,2024-06-17,86,Diego Torres,diego.torres@mail.com,QR,68,Vino Blanco 750ml,Licores,2684,5,13420,Córdoba,2023-03-27,-31.4065,-64.1885,Alto,0.02,1.49,1.08
105,2024-02-06,1,Mariana Lopez,mariana.lopez@mail.com,Transferencia,13,Té Verde 20 saquitos,Abarrotes,2383,2,4766,Villa Carlos Paz,2023-01-01,-31.4183,-64.4901,Medio,-0.21,-0.7,-0.56
105,2024-02-06,1,Mariana Lopez,mariana.lopez@mail.com,Transferencia,4,Fanta Naranja 1.5L,Bebidas,2033,4,8132,Villa Carlos Paz,2023-01-01,-31.4183,-64.4901,Medio,-0.47,0.76,0.08
105,2024-02-06,1,Mariana Lopez,mariana.lopez@mail.com,Transferencia,58,Caramelos Masticables,Dulcería,4752,2,9504,Villa Carlos Paz,2023-01-01,-31.4183,-64.4901,Medio,1.6,-0.7,0.34
105,2024-02-06,1,Mariana Lopez,mariana.lopez@mail.com,Transferencia,82,Aceitunas Negras 200g,Embutidos,2394,4,9576,Villa Carlos Paz,2023-01-01,-31.4183,-64.4901,Medio,-0.2,0.76,0.35
105,2024-02-06,1,Mariana Lopez,mariana.lopez@mail.com,Transferencia,43,Salsa de Tomate 500g,Abarrotes,887,5,4435,Villa Carlos Paz,2023-01-01,-31.4183,-64.4901,Medio,-1.35,1.49,-0.63
106,2024-03-24,82,Lucas Lopez,lucas.lopez@mail.com,Transferencia,88,Caldo Concentrado Carne,Abarrotes,2570,3,7710,Alta Gracia,2023-03-23,-31.6498,-64.4297,Medio,-0.06,0.03,-0.0
107,2024-05-21,14,Gael Martinez,gael.martinez@mail.com,Efectivo,7,Jugo de Manzana 1L,Bebidas,3269,4,13076,Villa Carlos Paz,2023-01-14,-31.4183,-64.4901,Alto,0.47,0.76,1.02
107,2024-05-21,14,Gael Martinez,gael.martinez@mail.com,Efectivo,11,Café Molido 250g,Abarrotes,2053,2,4106,Villa Carlos Paz,2023-01-14,-31.4183,-64.4901,Medio,-0.46,-0.7,-0.69
107,2024-05-21,14,Gael Martinez,gael.martinez@mail.com,Efectivo,12,Té Negro 20 saquitos,Abarrotes,570,4,2280,Villa Carlos Paz,2023-01-14,-31.4183,-64.4901,Bajo,-1.59,0.76,-1.04
107,2024-05-21,14,Gael Martinez,gael.martinez@mail.com,Efectivo,5,Agua Mineral 500ml,Bebidas,4777,4,19108,Villa Carlos Paz,2023-01-14,-31.4183,-64.4901,Alto,1.62,0.76,2.16
108,2024-03-25,9,Yamila Molina,yamila.molina@mail.com,Tarjeta,90,Toallas Húmedas x50,Limpieza,2902,4,11608,Villa Carlos Paz,2023-01-09,-31.4183,-64.4901,Alto,0.19,0.76,0.74
109,2024-06-04,64,Julian Alvarez,julian.alvarez@mail.com,Transferencia,18,Queso Rallado 150g,Embutidos,3444,1,3444,Villa María,2023-03-05,-32.4075,-63.2402,Bajo,0.6,-1.44,-0.81
109,2024-06-04,64,Julian Alvarez,julian.alvarez@mail.com,Transferencia,74,Whisky 750ml,Licores,2953,1,2953,Villa María,2023-03-05,-32.4075,-63.2402,Bajo,0.23,-1.44,-0.91
109,2024-06-04,64,Julian Alvarez,julian.alvarez@mail.com,Transferencia,20,Pan Lactal Blanco,Panadería,1571,2,3142,Villa María,2023-03-05,-32.4075,-63.2402,Bajo,-0.83,-0.7,-0.87
109,2024-06-04,64,Julian Alvarez,julian.alvarez@mail.com,Transferencia,44,Arroz Largo Fino 1kg,Abarrotes,2979,5,14895,Villa María,2023-03-05,-32.4075,-63.2402,Alto,0.25,1.49,1.36
110,2024-05-19,92,Mariana Rodriguez,mariana.rodriguez@mail.com,Efectivo,6,Jugo de Naranja 1L,Bebidas,4170,1,4170,Alta Gracia,2023-04-02,-31.6498,-64.4297,Medio,1.16,-1.44,-0.68
110,2024-05-19,92,Mariana Rodriguez,mariana.rodriguez@mail.com,Efectivo,59,Chicle Menta,Dulcería,3612,3,10836,Alta Gracia,2023-04-02,-31.6498,-64.4297,Alto,0.73,0.03,0.59
110,2024-05-19,92,Mariana Rodriguez,mariana.rodriguez@mail.com,Efectivo,6,Jugo de Naranja 1L,Bebidas,4170,5,20850,Alta Gracia,2023-04-02,-31.6498,-64.4297,Alto,1.16,1.49,2.49
111,2024-02-12,48,Rocio Alvarez,rocio.alvarez@mail.com,Efectivo,97,Limpiavidrios 500ml,Limpieza,872,4,3488,Córdoba,2023-02-17,-31.4065,-64.1885,Bajo,-1.36,0.76,-0.81
111,2024-02-12,48,Rocio Alvarez,rocio.alvarez@mail.com,Efectivo,93,Cepillo de Dientes,Limpieza,2142,3,6426,Córdoba,2023-02-17,-31.4065,-64.1885,Medio,-0.39,0.03,-0.25
111,2024-02-12,48,Rocio Alvarez,rocio.alvarez@mail.com,Efectivo,20,Pan Lactal Blanco,Panadería,1571,2,3142,Córdoba,2023-02-17,-31.4065,-64.1885,Bajo,-0.83,-0.7,-0.87
111,2024-02-12,48,Rocio Alvarez,rocio.alvarez@mail.com,Efectivo,23,Bizcochos Salados,Panadería,2380,4,9520,Córdoba,2023-02-17,-31.4065,-64.1885,Medio,-0.21,0.76,0.34
112,2024-01-19,28,Rocio Silva,rocio.silva@mail.com,Tarjeta,55,Shampoo 400ml,Limpieza,1407,1,1407,Córdoba,2023-01-28,-31.4065,-64.1885,Bajo,-0.95,-1.44,-1.2
112,2024-01-19,28,Rocio Silva,rocio.silva@mail.com,Tarjeta,21,Pan Lactal Integral,Panadería,272,4,1088,Córdoba,2023-01-28,-31.4065,-64.1885,Bajo,-1.82,0.76,-1.26
112,2024-01-19,28,Rocio Silva,rocio.silva@mail.com,Tarjeta,43,Salsa de Tomate 500g,Abarrotes,887,5,4435,Córdoba,2023-01-28,-31.4065,-64.1885,Medio,-1.35,1.49,-0.63
112,2024-01-19,28,Rocio Silva,rocio.silva@mail.com,Tarjeta,13,Té Verde 20 saquitos,Abarrotes,2383,2,4766,Córdoba,2023-01-28,-31.4065,-64.1885,Medio,-0.21,-0.7,-0.56
112,2024-01-19,28,Rocio Silva,rocio.silva@mail.com,Tarjeta,59,Chicle Menta,Dulcería,3612,1,3612,Córdoba,2023-01-28,-31.4065,-64.1885,Medio,0.73,-1.44,-0.78
113,2024-03-08,98,Camila Castro,camila.castro@mail.com,Transferencia,53,Lavandina 1L,Limpieza,1664,2,3328,Córdoba,2023-04-08,-31.4065,-64.1885,Bajo,-0.76,-0.7,-0.84
113,2024-03-08,98,Camila Castro,camila.castro@mail.com,Transferencia,92,Crema Dental 90g,Limpieza,2512,3,7536,Córdoba,2023-04-08,-31.4065,-64.1885,Medio,-0.11,0.03,-0.04
114,2024-05-05,16,Felipe Alvarez,felipe.alvarez@mail.com,QR,8,Energética Nitro 500ml,Bebidas,4218,1,4218,Río Cuarto,2023-01-16,-33.1304,-64.3527,Medio,1.19,-1.44,-0.67
114,2024-05-05,16,Felipe Alvarez,felipe.alvarez@mail.com,QR,84,Queso Azul 150g,Embutidos,1645,1,1645,Río Cuarto,2023-01-16,-33.1304,-64.3527,Bajo,-0.77,-1.44,-1.16
114,2024-05-05,16,Felipe Alvarez,felipe.alvarez@mail.com,QR,10,Yerba Mate Intensa 1kg,Abarrotes,4883,1,4883,Río Cuarto,2023-01-16,-33.1304,-64.3527,Medio,1.7,-1.44,-0.54
114,2024-05-05,16,Felipe Alvarez,felipe.alvarez@mail.com,QR,55,Shampoo 400ml,Limpieza,1407,5,7035,Río Cuarto,2023-01-16,-33.1304,-64.3527,Medio,-0.95,1.49,-0.13
114,2024-05-05,16,Felipe Alvarez,felipe.alvarez@mail.com,QR,92,Crema Dental 90g,Limpieza,2512,4,10048,Río Cuarto,2023-01-16,-33.1304,-64.3527,Medio,-0.11,0.76,0.44
115,2024-02-16,3,Hernan Martinez,hernan.martinez@mail.com,Transferencia,17,Queso Cremoso 500g,Embutidos,4834,4,19336,Río Cuarto,2023-01-03,-33.1304,-64.3527,Alto,1.67,0.76,2.2
115,2024-02-16,3,Hernan Martinez,hernan.martinez@mail.com,Transferencia,97,Limpiavidrios 500ml,Limpieza,872,5,4360,Río Cuarto,2023-01-03,-33.1304,-64.3527,Medio,-1.36,1.49,-0.64
115,2024-02-16,3,Hernan Martinez,hernan.martinez@mail.com,Transferencia,95,Mascarilla Capilar,Limpieza,1581,4,6324,Río Cuarto,2023-01-03,-33.1304,-64.3527,Medio,-0.82,0.76,-0.27
115,2024-02-16,3,Hernan Martinez,hernan.martinez@mail.com,Transferencia,84,Queso Azul 150g,Embutidos,1645,2,3290,Río Cuarto,2023-01-03,-33.1304,-64.3527,Bajo,-0.77,-0.7,-0.84
116,2024-03-18,25,Karina Castro,karina.castro@mail.com,QR,65,Cerveza Rubia 1L,Licores,2423,1,2423,Río Cuarto,2023-01-25,-33.1304,-64.3527,Bajo,-0.18,-1.44,-1.01
116,2024-03-18,25,Karina Castro,karina.castro@mail.com,QR,35,Barrita de Cereal 30g,Dulcería,4430,2,8860,Río Cuarto,2023-01-25,-33.1304,-64.3527,Medio,1.36,-0.7,0.21
116,2024-03-18,25,Karina Castro,karina.castro@mail.com,QR,42,Vinagre de Alcohol 500ml,Abarrotes,1195,4,4780,Río Cuarto,2023-01-25,-33.1304,-64.3527,Medio,-1.12,0.76,-0.56
116,2024-03-18,25,Karina Castro,karina.castro@mail.com,QR,54,Jabón de Tocador,Limpieza,1592,5,7960,Río Cuarto,2023-01-25,-33.1304,-64.3527,Medio,-0.81,1.49,0.04
116,2024-03-18,25,Karina Castro,karina.castro@mail.com,QR,90,Toallas Húmedas x50,Limpieza,2902,4,11608,Río Cuarto,2023-01-25,-33.1304,-64.3527,Alto,0.19,0.76,0.74
117,2024-03-14,72,Camila Rodriguez,camila.rodriguez@mail.com,Tarjeta,67,Vino Tinto Malbec 750ml,Licores,4719,4,18876,Córdoba,2023-03-13,-31.4065,-64.1885,Alto,1.58,0.76,2.12
117,2024-03-14,72,Camila Rodriguez,camila.rodriguez@mail.com,Tarjeta,61,Miel Pura 250g,Embutidos,4982,2,9964,Córdoba,2023-03-13,-31.4065,-64.1885,Medio,1.78,-0.7,0.42
118,2024-02-09,84,Pablo Sanchez,pablo.sanchez@mail.com,Efectivo,68,Vino Blanco 750ml,Licores,2684,5,13420,Córdoba,2023-03-25,-31.4065,-64.1885,Alto,0.02,1.49,1.08
118,2024-02-09,84,Pablo Sanchez,pablo.sanchez@mail.com,Efectivo,68,Vino Blanco 750ml,Licores,2684,3,8052,Córdoba,2023-03-25,-31.4065,-64.1885,Medio,0.02,0.03,0.06
118,2024-02-09,84,Pablo Sanchez,pablo.sanchez@mail.com,Efectivo,70,Fernet 750ml,Licores,4061,2,8122,Córdoba,2023-03-25,-31.4065,-64.1885,Medio,1.07,-0.7,0.07
118,2024-02-09,84,Pablo Sanchez,pablo.sanchez@mail.com,Efectivo,93,Cepillo de Dientes,Limpieza,2142,3,6426,Córdoba,2023-03-25,-31.4065,-64.1885,Medio,-0.39,0.03,-0.25
118,2024-02-09,84,Pablo Sanchez,pablo.sanchez@mail.com,Efectivo,50,Azúcar 1kg,Abarrotes,727,2,1454,Córdoba,2023-03-25,-31.4065,-64.1885,Bajo,-1.47,-0.7,-1.19
119,2024-02-07,51,Agustina Gomez,agustina.gomez@mail.com,QR,45,Fideos Spaghetti 500g,Abarrotes,745,5,3725,Río Cuarto,2023-02-20,-33.1304,-64.3527,Medio,-1.46,1.49,-0.76
120,2024-04-21,72,Camila Rodriguez,camila.rodriguez@mail.com,Tarjeta,20,Pan Lactal Blanco,Panadería,1571,5,7855,Córdoba,2023-03-13,-31.4065,-64.1885,Medio,-0.83,1.49,0.02
