id_venta;fecha;id_cliente;nombre_cliente;email;medio_pago;id_producto;nombre_producto_x;categoria;precio_unitario_y;cantidad;importe;ciudad;fecha_alta;latitud;longitud
1;2024-06-19;62;Guadalupe Romero;guadalupe.romero@mail.com;tarjeta;90;Toallas Húmedas x50;Limpieza;2902;1;2902;Villa Carlos Paz;3/3/2023;-31.4183;-64.4901
2;2024-03-17;49;Olivia Gomez;olivia.gomez@mail.com;qr;82;Aceitunas Negras 200g;Limpieza;2394;5;11970;Río Cuarto;18/2/2023;-33.1304;-64.3527
2;2024-03-17;49;Olivia Gomez;olivia.gomez@mail.com;qr;39;Helado Vainilla 1L;Alimentos;469;5;2345;Río Cuarto;18/2/2023;-33.1304;-64.3527
2;2024-03-17;49;Olivia Gomez;olivia.gomez@mail.com;qr;70;Fernet 750ml;Limpieza;4061;2;8122;Río Cuarto;18/2/2023;-33.1304;-64.3527
2;2024-03-17;49;Olivia Gomez;olivia.gomez@mail.com;qr;22;Medialunas de Manteca;Limpieza;2069;1;2069;Río Cuarto;18/2/2023;-33.1304;-64.3527
2;2024-03-17;49;Olivia Gomez;olivia.gomez@mail.com;qr;79;Hamburguesas Congeladas x4;Alimentos;2420;4;9680;Río Cuarto;18/2/2023;-33.1304;-64.3527
3;2024-01-13;20;Tomas Acosta;tomas.acosta@mail.com;tarjeta;9;Yerba Mate Suave 1kg;Alimentos;3878;2;7756;Río Cuarto;20/1/2023;-33.1304;-64.3527
3;2024-01-13;20;Tomas Acosta;tomas.acosta@mail.com;tarjeta;2;Pepsi 1.5L;Limpieza;4973;2;9946;Río Cuarto;20/1/2023;-33.1304;-64.3527
3;2024-01-13;20;Tomas Acosta;tomas.acosta@mail.com;tarjeta;85;Jugo en Polvo Naranja;Alimentos;1856;1;1856;Río Cuarto;20/1/2023;-33.1304;-64.3527
4;2024-02-27;36;Martina Molina;martina.molina@mail.com;transferencia;4;Fanta Naranja 1.5L;Limpieza;2033;2;4066;Mendiolaza;5/2/2023;-31.2641;-64.3091
4;2024-02-27;36;Martina Molina;martina.molina@mail.com;transferencia;23;Bizcochos Salados;Alimentos;2380;5;11900;Mendiolaza;5/2/2023;-31.2641;-64.3091
5;2024-06-11;56;Bruno Diaz;bruno.diaz@mail.com;tarjeta;86;Jugo en Polvo Limón;Limpieza;4090;4;16360;Río Cuarto;25/2/2023;-33.1304;-64.3527
6;2024-05-05;91;Uma Sanchez;uma.sanchez@mail.com;transferencia;25;Galletitas Vainilla;Alimentos;4015;2;8030;Mendiolaza;1/4/2023;-31.2641;-64.3091
6;2024-05-05;91;Uma Sanchez;uma.sanchez@mail.com;transferencia;31;Mix de Frutos Secos 200g;Alimentos;3409;3;10227;Mendiolaza;1/4/2023;-31.2641;-64.3091
6;2024-05-05;91;Uma Sanchez;uma.sanchez@mail.com;transferencia;83;Queso Untable 190g;Alimentos;1830;1;1830;Mendiolaza;1/4/2023;-31.2641;-64.3091
6;2024-05-05;91;Uma Sanchez;uma.sanchez@mail.com;transferencia;59;Chicle Menta;Alimentos;3612;4;14448;Mendiolaza;1/4/2023;-31.2641;-64.3091
7;2024-05-06;92;Mariana Rodriguez;mariana.rodriguez@mail.com;efectivo;63;Granola 250g;Alimentos;4337;3;13011;Alta Gracia;2/4/2023;-31.6498;-64.4297
8;2024-01-06;66;Tomas Herrera;tomas.herrera@mail.com;transferencia;53;Lavandina 1L;Alimentos;1664;5;8320;Villa María;7/3/2023;-32.4075;-63.2402
8;2024-01-06;66;Tomas Herrera;tomas.herrera@mail.com;transferencia;18;Queso Rallado 150g;Limpieza;3444;4;13776;Villa María;7/3/2023;-32.4075;-63.2402
8;2024-01-06;66;Tomas Herrera;tomas.herrera@mail.com;transferencia;68;Vino Blanco 750ml;Limpieza;2684;5;13420;Villa María;7/3/2023;-32.4075;-63.2402
9;2024-01-20;86;Diego Torres;diego.torres@mail.com;efectivo;65;Cerveza Rubia 1L;Alimentos;2423;4;9692;Córdoba;27/3/2023;-31.4065;-64.1885
10;2024-05-28;52;Diego Diaz;diego.diaz@mail.com;qr;36;Dulce de Leche 400g;Limpieza;2559;2;5118;Río Cuarto;21/2/2023;-33.1304;-64.3527
10;2024-05-28;52;Diego Diaz;diego.diaz@mail.com;qr;100;Trapo de Piso;Limpieza;4854;4;19416;Río Cuarto;21/2/2023;-33.1304;-64.3527
10;2024-05-28;52;Diego Diaz;diego.diaz@mail.com;qr;37;Mermelada de Durazno 400g;Alimentos;3196;3;9588;Río Cuarto;21/2/2023;-33.1304;-64.3527
10;2024-05-28;52;Diego Diaz;diego.diaz@mail.com;qr;62;Stevia 100 sobres;Limpieza;3848;1;3848;Río Cuarto;21/2/2023;-33.1304;-64.3527
11;2024-04-10;20;Tomas Acosta;tomas.acosta@mail.com;qr;13;Té Verde 20 saquitos;Alimentos;2383;1;2383;Río Cuarto;20/1/2023;-33.1304;-64.3527
11;2024-04-10;20;Tomas Acosta;tomas.acosta@mail.com;qr;65;Cerveza Rubia 1L;Alimentos;2423;2;4846;Río Cuarto;20/1/2023;-33.1304;-64.3527
11;2024-04-10;20;Tomas Acosta;tomas.acosta@mail.com;qr;28;Papas Fritas Clásicas 100g;Limpieza;936;1;936;Río Cuarto;20/1/2023;-33.1304;-64.3527
12;2024-06-28;96;Rocio Gonzalez;rocio.gonzalez@mail.com;efectivo;72;Ron 700ml;Limpieza;3876;2;7752;Córdoba;6/4/2023;-31.4065;-64.1885
12;2024-06-28;96;Rocio Gonzalez;rocio.gonzalez@mail.com;efectivo;50;Azúcar 1kg;Limpieza;727;2;1454;Córdoba;6/4/2023;-31.4065;-64.1885
12;2024-06-28;96;Rocio Gonzalez;rocio.gonzalez@mail.com;efectivo;56;Papel Higiénico x4;Limpieza;2532;3;7596;Córdoba;6/4/2023;-31.4065;-64.1885
12;2024-06-28;96;Rocio Gonzalez;rocio.gonzalez@mail.com;efectivo;87;Sopa Instantánea Pollo;Alimentos;1679;3;5037;Córdoba;6/4/2023;-31.4065;-64.1885
12;2024-06-28;96;Rocio Gonzalez;rocio.gonzalez@mail.com;efectivo;38;Mermelada de Frutilla 400g;Limpieza;1584;4;6336;Córdoba;6/4/2023;-31.4065;-64.1885
13;2024-01-24;6;Uma Medina;uma.medina@mail.com;tarjeta;87;Sopa Instantánea Pollo;Alimentos;1679;1;1679;Villa María;6/1/2023;-32.4075;-63.2402
13;2024-01-24;6;Uma Medina;uma.medina@mail.com;tarjeta;81;Aceitunas Verdes 200g;Alimentos;2520;3;7560;Villa María;6/1/2023;-32.4075;-63.2402
13;2024-01-24;6;Uma Medina;uma.medina@mail.com;tarjeta;13;Té Verde 20 saquitos;Alimentos;2383;1;2383;Villa María;6/1/2023;-32.4075;-63.2402
14;2024-04-18;67;Ivana Romero;ivana.romero@mail.com;qr;36;Dulce de Leche 400g;Limpieza;2559;4;10236;Alta Gracia;8/3/2023;-31.6498;-64.4297
14;2024-04-18;67;Ivana Romero;ivana.romero@mail.com;qr;72;Ron 700ml;Limpieza;3876;5;19380;Alta Gracia;8/3/2023;-31.6498;-64.4297
14;2024-04-18;67;Ivana Romero;ivana.romero@mail.com;qr;38;Mermelada de Frutilla 400g;Limpieza;1584;3;4752;Alta Gracia;8/3/2023;-31.6498;-64.4297
14;2024-04-18;67;Ivana Romero;ivana.romero@mail.com;qr;97;Limpiavidrios 500ml;Alimentos;872;1;872;Alta Gracia;8/3/2023;-31.6498;-64.4297
15;2024-06-27;56;Bruno Diaz;bruno.diaz@mail.com;transferencia;37;Mermelada de Durazno 400g;Alimentos;3196;3;9588;Río Cuarto;25/2/2023;-33.1304;-64.3527
16;2024-04-12;2;Nicolas Rojas;nicolas.rojas@mail.com;efectivo;35;Barrita de Cereal 30g;Alimentos;4430;5;22150;Villa Carlos Paz;2/1/2023;-31.4183;-64.4901
17;2024-02-17;88;Felipe Castro;felipe.castro@mail.com;efectivo;81;Aceitunas Verdes 200g;Alimentos;2520;5;12600;Villa María;29/3/2023;-32.4075;-63.2402
17;2024-02-17;88;Felipe Castro;felipe.castro@mail.com;efectivo;46;Lentejas Secas 500g;Limpieza;3036;5;15180;Villa María;29/3/2023;-32.4075;-63.2402
17;2024-02-17;88;Felipe Castro;felipe.castro@mail.com;efectivo;74;Whisky 750ml;Limpieza;2953;3;8859;Villa María;29/3/2023;-32.4075;-63.2402
18;2024-06-11;81;Camila Ruiz;camila.ruiz@mail.com;qr;33;Chocolate con Leche 100g;Alimentos;1255;2;2510;Villa Carlos Paz;22/3/2023;-31.4183;-64.4901
18;2024-06-11;81;Camila Ruiz;camila.ruiz@mail.com;qr;4;Fanta Naranja 1.5L;Limpieza;2033;5;10165;Villa Carlos Paz;22/3/2023;-31.4183;-64.4901
18;2024-06-11;81;Camila Ruiz;camila.ruiz@mail.com;qr;24;Galletitas Chocolate;Limpieza;1305;2;2610;Villa Carlos Paz;22/3/2023;-31.4183;-64.4901
18;2024-06-11;81;Camila Ruiz;camila.ruiz@mail.com;qr;15;Leche Descremada 1L;Alimentos;2538;3;7614;Villa Carlos Paz;22/3/2023;-31.4183;-64.4901
18;2024-06-11;81;Camila Ruiz;camila.ruiz@mail.com;qr;22;Medialunas de Manteca;Limpieza;2069;5;10345;Villa Carlos Paz;22/3/2023;-31.4183;-64.4901
19;2024-06-11;80;Gael Ruiz;gael.ruiz@mail.com;efectivo;38;Mermelada de Frutilla 400g;Limpieza;1584;2;3168;Mendiolaza;21/3/2023;-31.2641;-64.3091
19;2024-06-11;80;Gael Ruiz;gael.ruiz@mail.com;efectivo;98;Desengrasante 500ml;Limpieza;2843;3;8529;Mendiolaza;21/3/2023;-31.2641;-64.3091
19;2024-06-11;80;Gael Ruiz;gael.ruiz@mail.com;efectivo;63;Granola 250g;Alimentos;4337;3;13011;Mendiolaza;21/3/2023;-31.2641;-64.3091
20;2024-01-13;75;Santiago Castro;santiago.castro@mail.com;tarjeta;32;Chocolate Amargo 100g;Limpieza;2234;3;6702;Río Cuarto;16/3/2023;-33.1304;-64.3527
21;2024-06-19;10;Karina Acosta;karina.acosta@mail.com;transferencia;76;Pizza Congelada Muzzarella;Limpieza;4286;5;21430;Córdoba;10/1/2023;-31.4065;-64.1885
21;2024-06-19;10;Karina Acosta;karina.acosta@mail.com;transferencia;35;Barrita de Cereal 30g;Alimentos;4430;1;4430;Córdoba;10/1/2023;-31.4065;-64.1885
22;2024-05-08;64;Julian Alvarez;julian.alvarez@mail.com;transferencia;9;Yerba Mate Suave 1kg;Alimentos;3878;2;7756;Villa María;5/3/2023;-32.4075;-63.2402
22;2024-05-08;64;Julian Alvarez;julian.alvarez@mail.com;transferencia;28;Papas Fritas Clásicas 100g;Limpieza;936;3;2808;Villa María;5/3/2023;-32.4075;-63.2402
22;2024-05-08;64;Julian Alvarez;julian.alvarez@mail.com;transferencia;24;Galletitas Chocolate;Limpieza;1305;4;5220;Villa María;5/3/2023;-32.4075;-63.2402
23;2024-05-16;78;Emilia Alvarez;emilia.alvarez@mail.com;transferencia;64;Avena Instantánea 250g;Limpieza;3953;4;15812;Villa María;19/3/2023;-32.4075;-63.2402
23;2024-05-16;78;Emilia Alvarez;emilia.alvarez@mail.com;transferencia;83;Queso Untable 190g;Alimentos;1830;4;7320;Villa María;19/3/2023;-32.4075;-63.2402
24;2024-06-14;55;Olivia Ruiz;olivia.ruiz@mail.com;tarjeta;91;Desodorante Aerosol;Alimentos;4690;2;9380;Mendiolaza;24/2/2023;-31.2641;-64.3091
24;2024-06-14;55;Olivia Ruiz;olivia.ruiz@mail.com;tarjeta;40;Helado Chocolate 1L;Limpieza;1215;5;6075;Mendiolaza;24/2/2023;-31.2641;-64.3091
25;2024-04-30;13;Ivana Sanchez;ivana.sanchez@mail.com;transferencia;55;Shampoo 400ml;Alimentos;1407;1;1407;Villa Carlos Paz;13/1/2023;-31.4183;-64.4901
25;2024-04-30;13;Ivana Sanchez;ivana.sanchez@mail.com;transferencia;95;Mascarilla Capilar;Alimentos;1581;5;7905;Villa Carlos Paz;13/1/2023;-31.4183;-64.4901
25;2024-04-30;13;Ivana Sanchez;ivana.sanchez@mail.com;transferencia;72;Ron 700ml;Limpieza;3876;1;3876;Villa Carlos Paz;13/1/2023;-31.4183;-64.4901
26;2024-01-23;49;Olivia Gomez;olivia.gomez@mail.com;efectivo;79;Hamburguesas Congeladas x4;Alimentos;2420;2;4840;Río Cuarto;18/2/2023;-33.1304;-64.3527
26;2024-01-23;49;Olivia Gomez;olivia.gomez@mail.com;efectivo;86;Jugo en Polvo Limón;Limpieza;4090;1;4090;Río Cuarto;18/2/2023;-33.1304;-64.3527
27;2024-02-25;9;Yamila Molina;yamila.molina@mail.com;transferencia;7;Jugo de Manzana 1L;Alimentos;3269;4;13076;Villa Carlos Paz;9/1/2023;-31.4183;-64.4901
27;2024-02-25;9;Yamila Molina;yamila.molina@mail.com;transferencia;78;Verduras Congeladas Mix;Limpieza;4289;4;17156;Villa Carlos Paz;9/1/2023;-31.4183;-64.4901
28;2024-05-20;52;Diego Diaz;diego.diaz@mail.com;qr;74;Whisky 750ml;Limpieza;2953;1;2953;Río Cuarto;21/2/2023;-33.1304;-64.3527
28;2024-05-20;52;Diego Diaz;diego.diaz@mail.com;qr;91;Desodorante Aerosol;Alimentos;4690;2;9380;Río Cuarto;21/2/2023;-33.1304;-64.3527
28;2024-05-20;52;Diego Diaz;diego.diaz@mail.com;qr;72;Ron 700ml;Limpieza;3876;1;3876;Río Cuarto;21/2/2023;-33.1304;-64.3527
28;2024-05-20;52;Diego Diaz;diego.diaz@mail.com;qr;18;Queso Rallado 150g;Limpieza;3444;2;6888;Río Cuarto;21/2/2023;-33.1304;-64.3527
28;2024-05-20;52;Diego Diaz;diego.diaz@mail.com;qr;27;Alfajor Simple;Alimentos;2502;5;12510;Río Cuarto;21/2/2023;-33.1304;-64.3527
29;2024-02-20;49;Olivia Gomez;olivia.gomez@mail.com;qr;58;Caramelos Masticables;Limpieza;4752;1;4752;Río Cuarto;18/2/2023;-33.1304;-64.3527
29;2024-02-20;49;Olivia Gomez;olivia.gomez@mail.com;qr;36;Dulce de Leche 400g;Limpieza;2559;2;5118;Río Cuarto;18/2/2023;-33.1304;-64.3527
29;2024-02-20;49;Olivia Gomez;olivia.gomez@mail.com;qr;71;Vodka 700ml;Alimentos;508;4;2032;Río Cuarto;18/2/2023;-33.1304;-64.3527
29;2024-02-20;49;Olivia Gomez;olivia.gomez@mail.com;qr;27;Alfajor Simple;Alimentos;2502;2;5004;Río Cuarto;18/2/2023;-33.1304;-64.3527
29;2024-02-20;49;Olivia Gomez;olivia.gomez@mail.com;qr;66;Cerveza Negra 1L;Limpieza;1533;1;1533;Río Cuarto;18/2/2023;-33.1304;-64.3527
30;2024-03-03;93;Gael Rojas;gael.rojas@mail.com;efectivo;49;Harina de Trigo 1kg;Alimentos;2512;4;10048;Alta Gracia;3/4/2023;-31.6498;-64.4297
30;2024-03-03;93;Gael Rojas;gael.rojas@mail.com;efectivo;78;Verduras Congeladas Mix;Limpieza;4289;3;12867;Alta Gracia;3/4/2023;-31.6498;-64.4297
30;2024-03-03;93;Gael Rojas;gael.rojas@mail.com;efectivo;82;Aceitunas Negras 200g;Limpieza;2394;4;9576;Alta Gracia;3/4/2023;-31.6498;-64.4297
30;2024-03-03;93;Gael Rojas;gael.rojas@mail.com;efectivo;7;Jugo de Manzana 1L;Alimentos;3269;1;3269;Alta Gracia;3/4/2023;-31.6498;-64.4297
31;2024-05-22;19;Uma Silva;uma.silva@mail.com;tarjeta;92;Crema Dental 90g;Limpieza;2512;4;10048;Mendiolaza;19/1/2023;-31.2641;-64.3091
31;2024-05-22;19;Uma Silva;uma.silva@mail.com;tarjeta;90;Toallas Húmedas x50;Limpieza;2902;3;8706;Mendiolaza;19/1/2023;-31.2641;-64.3091
31;2024-05-22;19;Uma Silva;uma.silva@mail.com;tarjeta;84;Queso Azul 150g;Limpieza;1645;5;8225;Mendiolaza;19/1/2023;-31.2641;-64.3091
32;2024-01-30;31;Felipe Ruiz;felipe.ruiz@mail.com;efectivo;72;Ron 700ml;Limpieza;3876;5;19380;Villa María;31/1/2023;-32.4075;-63.2402
32;2024-01-30;31;Felipe Ruiz;felipe.ruiz@mail.com;efectivo;53;Lavandina 1L;Alimentos;1664;4;6656;Villa María;31/1/2023;-32.4075;-63.2402
32;2024-01-30;31;Felipe Ruiz;felipe.ruiz@mail.com;efectivo;17;Queso Cremoso 500g;Alimentos;4834;3;14502;Villa María;31/1/2023;-32.4075;-63.2402
32;2024-01-30;31;Felipe Ruiz;felipe.ruiz@mail.com;efectivo;35;Barrita de Cereal 30g;Alimentos;4430;3;13290;Villa María;31/1/2023;-32.4075;-63.2402
33;2024-02-13;6;Uma Medina;uma.medina@mail.com;efectivo;47;Garbanzos 500g;Alimentos;2939;2;5878;Villa María;6/1/2023;-32.4075;-63.2402
33;2024-02-13;6;Uma Medina;uma.medina@mail.com;efectivo;76;Pizza Congelada Muzzarella;Limpieza;4286;4;17144;Villa María;6/1/2023;-32.4075;-63.2402
33;2024-02-13;6;Uma Medina;uma.medina@mail.com;efectivo;100;Trapo de Piso;Limpieza;4854;1;4854;Villa María;6/1/2023;-32.4075;-63.2402
33;2024-02-13;6;Uma Medina;uma.medina@mail.com;efectivo;91;Desodorante Aerosol;Alimentos;4690;2;9380;Villa María;6/1/2023;-32.4075;-63.2402
34;2024-01-13;58;Karina Acosta;karina.acosta2@mail.com;transferencia;10;Yerba Mate Intensa 1kg;Limpieza;4883;1;4883;Río Cuarto;27/2/2023;-33.1304;-64.3527
34;2024-01-13;58;Karina Acosta;karina.acosta2@mail.com;transferencia;32;Chocolate Amargo 100g;Limpieza;2234;5;11170;Río Cuarto;27/2/2023;-33.1304;-64.3527
35;2024-05-30;61;Guadalupe Martinez;guadalupe.martinez@mail.com;efectivo;93;Cepillo de Dientes;Alimentos;2142;3;6426;Río Cuarto;2/3/2023;-33.1304;-64.3527
35;2024-05-30;61;Guadalupe Martinez;guadalupe.martinez@mail.com;efectivo;80;Helado de Frutilla 1L;Limpieza;1981;2;3962;Río Cuarto;2/3/2023;-33.1304;-64.3527
35;2024-05-30;61;Guadalupe Martinez;guadalupe.martinez@mail.com;efectivo;88;Caldo Concentrado Carne;Limpieza;2570;5;12850;Río Cuarto;2/3/2023;-33.1304;-64.3527
36;2024-06-25;5;Agustina Flores;agustina.flores@mail.com;tarjeta;50;Azúcar 1kg;Limpieza;727;4;2908;Córdoba;5/1/2023;-31.4065;-64.1885
36;2024-06-25;5;Agustina Flores;agustina.flores@mail.com;tarjeta;48;Porotos Negros 500g;Limpieza;4462;2;8924;Córdoba;5/1/2023;-31.4065;-64.1885
37;2024-05-17;57;Julian Acosta;julian.acosta@mail.com;qr;18;Queso Rallado 150g;Limpieza;3444;3;10332;Río Cuarto;26/2/2023;-33.1304;-64.3527
38;2024-05-29;56;Bruno Diaz;bruno.diaz@mail.com;tarjeta;62;Stevia 100 sobres;Limpieza;3848;5;19240;Río Cuarto;25/2/2023;-33.1304;-64.3527
38;2024-05-29;56;Bruno Diaz;bruno.diaz@mail.com;tarjeta;14;Leche Entera 1L;Limpieza;1723;3;5169;Río Cuarto;25/2/2023;-33.1304;-64.3527
38;2024-05-29;56;Bruno Diaz;bruno.diaz@mail.com;tarjeta;65;Cerveza Rubia 1L;Alimentos;2423;5;12115;Río Cuarto;25/2/2023;-33.1304;-64.3527
38;2024-05-29;56;Bruno Diaz;bruno.diaz@mail.com;tarjeta;5;Agua Mineral 500ml;Alimentos;4777;3;14331;Río Cuarto;25/2/2023;-33.1304;-64.3527
39;2024-03-05;5;Agustina Flores;agustina.flores@mail.com;efectivo;44;Arroz Largo Fino 1kg;Limpieza;2979;4;11916;Córdoba;5/1/2023;-31.4065;-64.1885
39;2024-03-05;5;Agustina Flores;agustina.flores@mail.com;efectivo;22;Medialunas de Manteca;Limpieza;2069;2;4138;Córdoba;5/1/2023;-31.4065;-64.1885
39;2024-03-05;5;Agustina Flores;agustina.flores@mail.com;efectivo;58;Caramelos Masticables;Limpieza;4752;4;19008;Córdoba;5/1/2023;-31.4065;-64.1885
39;2024-03-05;5;Agustina Flores;agustina.flores@mail.com;efectivo;81;Aceitunas Verdes 200g;Alimentos;2520;4;10080;Córdoba;5/1/2023;-31.4065;-64.1885
40;2024-05-13;15;Tomas Ruiz;tomas.ruiz@mail.com;efectivo;44;Arroz Largo Fino 1kg;Limpieza;2979;2;5958;Córdoba;15/1/2023;-31.4065;-64.1885
41;2024-03-08;29;Diego Fernandez;diego.fernandez@mail.com;tarjeta;51;Sal Fina 500g;Alimentos;1745;1;1745;Alta Gracia;29/1/2023;-31.6498;-64.4297
41;2024-03-08;29;Diego Fernandez;diego.fernandez@mail.com;tarjeta;15;Leche Descremada 1L;Alimentos;2538;1;2538;Alta Gracia;29/1/2023;-31.6498;-64.4297
42;2024-04-18;12;Gael Gomez;gael.gomez@mail.com;tarjeta;47;Garbanzos 500g;Alimentos;2939;3;8817;Alta Gracia;12/1/2023;-31.6498;-64.4297
42;2024-04-18;12;Gael Gomez;gael.gomez@mail.com;tarjeta;29;Papas Fritas Onduladas 100g;Alimentos;1868;1;1868;Alta Gracia;12/1/2023;-31.6498;-64.4297
42;2024-04-18;12;Gael Gomez;gael.gomez@mail.com;tarjeta;73;Gin 700ml;Alimentos;1561;3;4683;Alta Gracia;12/1/2023;-31.6498;-64.4297
43;2024-02-18;23;Helena Fernandez;helena.fernandez@mail.com;efectivo;1;Coca Cola 1.5L;Alimentos;2347;5;11735;Río Cuarto;23/1/2023;-33.1304;-64.3527
43;2024-02-18;23;Helena Fernandez;helena.fernandez@mail.com;efectivo;49;Harina de Trigo 1kg;Alimentos;2512;2;5024;Río Cuarto;23/1/2023;-33.1304;-64.3527
43;2024-02-18;23;Helena Fernandez;helena.fernandez@mail.com;efectivo;66;Cerveza Negra 1L;Limpieza;1533;2;3066;Río Cuarto;23/1/2023;-33.1304;-64.3527
44;2024-02-21;21;Elena Rodriguez;elena.rodriguez@mail.com;efectivo;48;Porotos Negros 500g;Limpieza;4462;1;4462;Alta Gracia;21/1/2023;-31.6498;-64.4297
44;2024-02-21;21;Elena Rodriguez;elena.rodriguez@mail.com;efectivo;47;Garbanzos 500g;Alimentos;2939;2;5878;Alta Gracia;21/1/2023;-31.6498;-64.4297
44;2024-02-21;21;Elena Rodriguez;elena.rodriguez@mail.com;efectivo;100;Trapo de Piso;Limpieza;4854;2;9708;Alta Gracia;21/1/2023;-31.6498;-64.4297
45;2024-01-19;15;Tomas Ruiz;tomas.ruiz@mail.com;efectivo;12;Té Negro 20 saquitos;Limpieza;570;2;1140;Córdoba;15/1/2023;-31.4065;-64.1885
45;2024-01-19;15;Tomas Ruiz;tomas.ruiz@mail.com;efectivo;18;Queso Rallado 150g;Limpieza;3444;2;6888;Córdoba;15/1/2023;-31.4065;-64.1885
45;2024-01-19;15;Tomas Ruiz;tomas.ruiz@mail.com;efectivo;87;Sopa Instantánea Pollo;Alimentos;1679;4;6716;Córdoba;15/1/2023;-31.4065;-64.1885
45;2024-01-19;15;Tomas Ruiz;tomas.ruiz@mail.com;efectivo;98;Desengrasante 500ml;Limpieza;2843;1;2843;Córdoba;15/1/2023;-31.4065;-64.1885
45;2024-01-19;15;Tomas Ruiz;tomas.ruiz@mail.com;efectivo;52;Detergente Líquido 750ml;Limpieza;2582;2;5164;Córdoba;15/1/2023;-31.4065;-64.1885
46;2024-03-25;46;Agustina Martinez;agustina.martinez@mail.com;tarjeta;21;Pan Lactal Integral;Alimentos;272;1;272;Alta Gracia;15/2/2023;-31.6498;-64.4297
47;2024-05-04;52;Diego Diaz;diego.diaz@mail.com;transferencia;43;Salsa de Tomate 500g;Alimentos;887;5;4435;Río Cuarto;21/2/2023;-33.1304;-64.3527
47;2024-05-04;52;Diego Diaz;diego.diaz@mail.com;transferencia;6;Jugo de Naranja 1L;Limpieza;4170;3;12510;Río Cuarto;21/2/2023;-33.1304;-64.3527
48;2024-01-26;84;Pablo Sanchez;pablo.sanchez@mail.com;qr;70;Fernet 750ml;Limpieza;4061;1;4061;Córdoba;25/3/2023;-31.4065;-64.1885
48;2024-01-26;84;Pablo Sanchez;pablo.sanchez@mail.com;qr;54;Jabón de Tocador;Limpieza;1592;5;7960;Córdoba;25/3/2023;-31.4065;-64.1885
48;2024-01-26;84;Pablo Sanchez;pablo.sanchez@mail.com;qr;57;Servilletas x100;Alimentos;4520;4;18080;Córdoba;25/3/2023;-31.4065;-64.1885
49;2024-06-02;5;Agustina Flores;agustina.flores@mail.com;efectivo;59;Chicle Menta;Alimentos;3612;2;7224;Córdoba;5/1/2023;-31.4065;-64.1885
49;2024-06-02;5;Agustina Flores;agustina.flores@mail.com;efectivo;21;Pan Lactal Integral;Alimentos;272;4;1088;Córdoba;5/1/2023;-31.4065;-64.1885
49;2024-06-02;5;Agustina Flores;agustina.flores@mail.com;efectivo;59;Chicle Menta;Alimentos;3612;4;14448;Córdoba;5/1/2023;-31.4065;-64.1885
49;2024-06-02;5;Agustina Flores;agustina.flores@mail.com;efectivo;18;Queso Rallado 150g;Limpieza;3444;3;10332;Córdoba;5/1/2023;-31.4065;-64.1885
49;2024-06-02;5;Agustina Flores;agustina.flores@mail.com;efectivo;85;Jugo en Polvo Naranja;Alimentos;1856;3;5568;Córdoba;5/1/2023;-31.4065;-64.1885
50;2024-01-09;8;Bruno Castro;bruno.castro@mail.com;transferencia;10;Yerba Mate Intensa 1kg;Limpieza;4883;2;9766;Villa Carlos Paz;8/1/2023;-31.4183;-64.4901
50;2024-01-09;8;Bruno Castro;bruno.castro@mail.com;transferencia;34;Turrón 50g;Limpieza;503;5;2515;Villa Carlos Paz;8/1/2023;-31.4183;-64.4901
50;2024-01-09;8;Bruno Castro;bruno.castro@mail.com;transferencia;58;Caramelos Masticables;Limpieza;4752;5;23760;Villa Carlos Paz;8/1/2023;-31.4183;-64.4901
50;2024-01-09;8;Bruno Castro;bruno.castro@mail.com;transferencia;32;Chocolate Amargo 100g;Limpieza;2234;3;6702;Villa Carlos Paz;8/1/2023;-31.4183;-64.4901
50;2024-01-09;8;Bruno Castro;bruno.castro@mail.com;transferencia;91;Desodorante Aerosol;Alimentos;4690;4;18760;Villa Carlos Paz;8/1/2023;-31.4183;-64.4901
51;2024-02-18;39;Santiago Diaz;santiago.diaz@mail.com;efectivo;31;Mix de Frutos Secos 200g;Alimentos;3409;1;3409;Alta Gracia;8/2/2023;-31.6498;-64.4297
52;2024-05-10;5;Agustina Flores;agustina.flores@mail.com;tarjeta;83;Queso Untable 190g;Alimentos;1830;2;3660;Córdoba;5/1/2023;-31.4065;-64.1885
52;2024-05-10;5;Agustina Flores;agustina.flores@mail.com;tarjeta;9;Yerba Mate Suave 1kg;Alimentos;3878;4;15512;Córdoba;5/1/2023;-31.4065;-64.1885
52;2024-05-10;5;Agustina Flores;agustina.flores@mail.com;tarjeta;81;Aceitunas Verdes 200g;Alimentos;2520;5;12600;Córdoba;5/1/2023;-31.4065;-64.1885
52;2024-05-10;5;Agustina Flores;agustina.flores@mail.com;tarjeta;38;Mermelada de Frutilla 400g;Limpieza;1584;3;4752;Córdoba;5/1/2023;-31.4065;-64.1885
53;2024-01-25;56;Bruno Diaz;bruno.diaz@mail.com;tarjeta;28;Papas Fritas Clásicas 100g;Limpieza;936;1;936;Río Cuarto;25/2/2023;-33.1304;-64.3527
54;2024-03-26;1;Mariana Lopez;mariana.lopez@mail.com;tarjeta;65;Cerveza Rubia 1L;Alimentos;2423;1;2423;Villa Carlos Paz;1/1/2023;-31.4183;-64.4901
54;2024-03-26;1;Mariana Lopez;mariana.lopez@mail.com;tarjeta;18;Queso Rallado 150g;Limpieza;3444;2;6888;Villa Carlos Paz;1/1/2023;-31.4183;-64.4901
54;2024-03-26;1;Mariana Lopez;mariana.lopez@mail.com;tarjeta;91;Desodorante Aerosol;Alimentos;4690;3;14070;Villa Carlos Paz;1/1/2023;-31.4183;-64.4901
54;2024-03-26;1;Mariana Lopez;mariana.lopez@mail.com;tarjeta;8;Energética Nitro 500ml;Limpieza;4218;3;12654;Villa Carlos Paz;1/1/2023;-31.4183;-64.4901
55;2024-01-04;100;Agustina Lopez;agustina.lopez@mail.com;qr;39;Helado Vainilla 1L;Alimentos;469;4;1876;Córdoba;10/4/2023;-31.4065;-64.1885
56;2024-06-14;15;Tomas Ruiz;tomas.ruiz@mail.com;qr;18;Queso Rallado 150g;Limpieza;3444;5;17220;Córdoba;15/1/2023;-31.4065;-64.1885
57;2024-01-10;34;Bruno Castro;bruno.castro2@mail.com;efectivo;31;Mix de Frutos Secos 200g;Alimentos;3409;3;10227;Villa María;3/2/2023;-32.4075;-63.2402
57;2024-01-10;34;Bruno Castro;bruno.castro2@mail.com;efectivo;41;Aceite de Girasol 1L;Alimentos;860;4;3440;Villa María;3/2/2023;-32.4075;-63.2402
57;2024-01-10;34;Bruno Castro;bruno.castro2@mail.com;efectivo;9;Yerba Mate Suave 1kg;Alimentos;3878;5;19390;Villa María;3/2/2023;-32.4075;-63.2402
57;2024-01-10;34;Bruno Castro;bruno.castro2@mail.com;efectivo;76;Pizza Congelada Muzzarella;Limpieza;4286;3;12858;Villa María;3/2/2023;-32.4075;-63.2402
57;2024-01-10;34;Bruno Castro;bruno.castro2@mail.com;efectivo;98;Desengrasante 500ml;Limpieza;2843;4;11372;Villa María;3/2/2023;-32.4075;-63.2402
58;2024-02-04;48;Rocio Alvarez;rocio.alvarez@mail.com;transferencia;43;Salsa de Tomate 500g;Alimentos;887;2;1774;Córdoba;17/2/2023;-31.4065;-64.1885
58;2024-02-04;48;Rocio Alvarez;rocio.alvarez@mail.com;transferencia;11;Café Molido 250g;Alimentos;2053;1;2053;Córdoba;17/2/2023;-31.4065;-64.1885
59;2024-04-28;62;Guadalupe Romero;guadalupe.romero@mail.com;tarjeta;31;Mix de Frutos Secos 200g;Alimentos;3409;1;3409;Villa Carlos Paz;3/3/2023;-31.4183;-64.4901
59;2024-04-28;62;Guadalupe Romero;guadalupe.romero@mail.com;tarjeta;8;Energética Nitro 500ml;Limpieza;4218;2;8436;Villa Carlos Paz;3/3/2023;-31.4183;-64.4901
59;2024-04-28;62;Guadalupe Romero;guadalupe.romero@mail.com;tarjeta;97;Limpiavidrios 500ml;Alimentos;872;5;4360;Villa Carlos Paz;3/3/2023;-31.4183;-64.4901
60;2024-04-04;81;Camila Ruiz;camila.ruiz@mail.com;transferencia;43;Salsa de Tomate 500g;Alimentos;887;1;887;Villa Carlos Paz;22/3/2023;-31.4183;-64.4901
60;2024-04-04;81;Camila Ruiz;camila.ruiz@mail.com;transferencia;98;Desengrasante 500ml;Limpieza;2843;3;8529;Villa Carlos Paz;22/3/2023;-31.4183;-64.4901
60;2024-04-04;81;Camila Ruiz;camila.ruiz@mail.com;transferencia;15;Leche Descremada 1L;Alimentos;2538;1;2538;Villa Carlos Paz;22/3/2023;-31.4183;-64.4901
60;2024-04-04;81;Camila Ruiz;camila.ruiz@mail.com;transferencia;21;Pan Lactal Integral;Alimentos;272;2;544;Villa Carlos Paz;22/3/2023;-31.4183;-64.4901
60;2024-04-04;81;Camila Ruiz;camila.ruiz@mail.com;transferencia;91;Desodorante Aerosol;Alimentos;4690;4;18760;Villa Carlos Paz;22/3/2023;-31.4183;-64.4901
61;2024-06-01;27;Tomas Castro;tomas.castro@mail.com;efectivo;9;Yerba Mate Suave 1kg;Alimentos;3878;3;11634;Río Cuarto;27/1/2023;-33.1304;-64.3527
61;2024-06-01;27;Tomas Castro;tomas.castro@mail.com;efectivo;19;Manteca 200g;Alimentos;3251;3;9753;Río Cuarto;27/1/2023;-33.1304;-64.3527
62;2024-05-01;100;Agustina Lopez;agustina.lopez@mail.com;transferencia;47;Garbanzos 500g;Alimentos;2939;4;11756;Córdoba;10/4/2023;-31.4065;-64.1885
62;2024-05-01;100;Agustina Lopez;agustina.lopez@mail.com;transferencia;95;Mascarilla Capilar;Alimentos;1581;3;4743;Córdoba;10/4/2023;-31.4065;-64.1885
63;2024-06-19;25;Karina Castro;karina.castro@mail.com;tarjeta;8;Energética Nitro 500ml;Limpieza;4218;5;21090;Río Cuarto;25/1/2023;-33.1304;-64.3527
63;2024-06-19;25;Karina Castro;karina.castro@mail.com;tarjeta;2;Pepsi 1.5L;Limpieza;4973;2;9946;Río Cuarto;25/1/2023;-33.1304;-64.3527
63;2024-06-19;25;Karina Castro;karina.castro@mail.com;tarjeta;70;Fernet 750ml;Limpieza;4061;3;12183;Río Cuarto;25/1/2023;-33.1304;-64.3527
63;2024-06-19;25;Karina Castro;karina.castro@mail.com;tarjeta;45;Fideos Spaghetti 500g;Alimentos;745;4;2980;Río Cuarto;25/1/2023;-33.1304;-64.3527
64;2024-03-07;58;Karina Acosta;karina.acosta2@mail.com;qr;4;Fanta Naranja 1.5L;Limpieza;2033;2;4066;Río Cuarto;27/2/2023;-33.1304;-64.3527
64;2024-03-07;58;Karina Acosta;karina.acosta2@mail.com;qr;41;Aceite de Girasol 1L;Alimentos;860;2;1720;Río Cuarto;27/2/2023;-33.1304;-64.3527
65;2024-04-30;30;Ivana Medina;ivana.medina@mail.com;qr;77;Empanadas Congeladas;Alimentos;4778;4;19112;Alta Gracia;30/1/2023;-31.6498;-64.4297
65;2024-04-30;30;Ivana Medina;ivana.medina@mail.com;qr;22;Medialunas de Manteca;Limpieza;2069;3;6207;Alta Gracia;30/1/2023;-31.6498;-64.4297
65;2024-04-30;30;Ivana Medina;ivana.medina@mail.com;qr;38;Mermelada de Frutilla 400g;Limpieza;1584;5;7920;Alta Gracia;30/1/2023;-31.6498;-64.4297
65;2024-04-30;30;Ivana Medina;ivana.medina@mail.com;qr;36;Dulce de Leche 400g;Limpieza;2559;4;10236;Alta Gracia;30/1/2023;-31.6498;-64.4297
66;2024-03-14;69;Felipe Flores;felipe.flores@mail.com;qr;16;Yogur Natural 200g;Limpieza;4613;3;13839;Río Cuarto;10/3/2023;-33.1304;-64.3527
67;2024-03-21;66;Tomas Herrera;tomas.herrera@mail.com;efectivo;53;Lavandina 1L;Alimentos;1664;1;1664;Villa María;7/3/2023;-32.4075;-63.2402
67;2024-03-21;66;Tomas Herrera;tomas.herrera@mail.com;efectivo;8;Energética Nitro 500ml;Limpieza;4218;2;8436;Villa María;7/3/2023;-32.4075;-63.2402
68;2024-06-28;27;Tomas Castro;tomas.castro@mail.com;qr;94;Hilo Dental;Limpieza;1418;4;5672;Río Cuarto;27/1/2023;-33.1304;-64.3527
69;2024-01-06;42;Tomas Flores;tomas.flores@mail.com;qr;76;Pizza Congelada Muzzarella;Limpieza;4286;4;17144;Alta Gracia;11/2/2023;-31.6498;-64.4297
69;2024-01-06;42;Tomas Flores;tomas.flores@mail.com;qr;74;Whisky 750ml;Limpieza;2953;3;8859;Alta Gracia;11/2/2023;-31.6498;-64.4297
70;2024-02-02;41;Elena Rodriguez;elena.rodriguez2@mail.com;transferencia;66;Cerveza Negra 1L;Limpieza;1533;3;4599;Alta Gracia;10/2/2023;-31.6498;-64.4297
70;2024-02-02;41;Elena Rodriguez;elena.rodriguez2@mail.com;transferencia;89;Caldo Concentrado Verdura;Alimentos;1003;4;4012;Alta Gracia;10/2/2023;-31.6498;-64.4297
70;2024-02-02;41;Elena Rodriguez;elena.rodriguez2@mail.com;transferencia;38;Mermelada de Frutilla 400g;Limpieza;1584;3;4752;Alta Gracia;10/2/2023;-31.6498;-64.4297
71;2024-06-02;40;Felipe Diaz;felipe.diaz@mail.com;qr;11;Café Molido 250g;Alimentos;2053;3;6159;Río Cuarto;9/2/2023;-33.1304;-64.3527
71;2024-06-02;40;Felipe Diaz;felipe.diaz@mail.com;qr;79;Hamburguesas Congeladas x4;Alimentos;2420;4;9680;Río Cuarto;9/2/2023;-33.1304;-64.3527
71;2024-06-02;40;Felipe Diaz;felipe.diaz@mail.com;qr;100;Trapo de Piso;Limpieza;4854;4;19416;Río Cuarto;9/2/2023;-33.1304;-64.3527
71;2024-06-02;40;Felipe Diaz;felipe.diaz@mail.com;qr;92;Crema Dental 90g;Limpieza;2512;1;2512;Río Cuarto;9/2/2023;-33.1304;-64.3527
72;2024-02-17;26;Camila Sanchez;camila.sanchez@mail.com;qr;94;Hilo Dental;Limpieza;1418;3;4254;Alta Gracia;26/1/2023;-31.6498;-64.4297
72;2024-02-17;26;Camila Sanchez;camila.sanchez@mail.com;qr;41;Aceite de Girasol 1L;Alimentos;860;4;3440;Alta Gracia;26/1/2023;-31.6498;-64.4297
72;2024-02-17;26;Camila Sanchez;camila.sanchez@mail.com;qr;51;Sal Fina 500g;Alimentos;1745;2;3490;Alta Gracia;26/1/2023;-31.6498;-64.4297
73;2024-05-16;42;Tomas Flores;tomas.flores@mail.com;transferencia;28;Papas Fritas Clásicas 100g;Limpieza;936;1;936;Alta Gracia;11/2/2023;-31.6498;-64.4297
73;2024-05-16;42;Tomas Flores;tomas.flores@mail.com;transferencia;24;Galletitas Chocolate;Limpieza;1305;3;3915;Alta Gracia;11/2/2023;-31.6498;-64.4297
73;2024-05-16;42;Tomas Flores;tomas.flores@mail.com;transferencia;19;Manteca 200g;Alimentos;3251;1;3251;Alta Gracia;11/2/2023;-31.6498;-64.4297
74;2024-04-26;56;Bruno Diaz;bruno.diaz@mail.com;efectivo;32;Chocolate Amargo 100g;Limpieza;2234;3;6702;Río Cuarto;25/2/2023;-33.1304;-64.3527
74;2024-04-26;56;Bruno Diaz;bruno.diaz@mail.com;efectivo;14;Leche Entera 1L;Limpieza;1723;2;3446;Río Cuarto;25/2/2023;-33.1304;-64.3527
74;2024-04-26;56;Bruno Diaz;bruno.diaz@mail.com;efectivo;55;Shampoo 400ml;Alimentos;1407;2;2814;Río Cuarto;25/2/2023;-33.1304;-64.3527
75;2024-05-23;61;Guadalupe Martinez;guadalupe.martinez@mail.com;qr;3;Sprite 1.5L;Alimentos;4964;4;19856;Río Cuarto;2/3/2023;-33.1304;-64.3527
75;2024-05-23;61;Guadalupe Martinez;guadalupe.martinez@mail.com;qr;2;Pepsi 1.5L;Limpieza;4973;5;24865;Río Cuarto;2/3/2023;-33.1304;-64.3527
76;2024-05-15;75;Santiago Castro;santiago.castro@mail.com;tarjeta;22;Medialunas de Manteca;Limpieza;2069;4;8276;Río Cuarto;16/3/2023;-33.1304;-64.3527
76;2024-05-15;75;Santiago Castro;santiago.castro@mail.com;tarjeta;23;Bizcochos Salados;Alimentos;2380;4;9520;Río Cuarto;16/3/2023;-33.1304;-64.3527
76;2024-05-15;75;Santiago Castro;santiago.castro@mail.com;tarjeta;24;Galletitas Chocolate;Limpieza;1305;1;1305;Río Cuarto;16/3/2023;-33.1304;-64.3527
76;2024-05-15;75;Santiago Castro;santiago.castro@mail.com;tarjeta;11;Café Molido 250g;Alimentos;2053;2;4106;Río Cuarto;16/3/2023;-33.1304;-64.3527
77;2024-05-26;55;Olivia Ruiz;olivia.ruiz@mail.com;tarjeta;53;Lavandina 1L;Alimentos;1664;2;3328;Mendiolaza;24/2/2023;-31.2641;-64.3091
77;2024-05-26;55;Olivia Ruiz;olivia.ruiz@mail.com;tarjeta;41;Aceite de Girasol 1L;Alimentos;860;1;860;Mendiolaza;24/2/2023;-31.2641;-64.3091
77;2024-05-26;55;Olivia Ruiz;olivia.ruiz@mail.com;tarjeta;34;Turrón 50g;Limpieza;503;5;2515;Mendiolaza;24/2/2023;-31.2641;-64.3091
77;2024-05-26;55;Olivia Ruiz;olivia.ruiz@mail.com;tarjeta;98;Desengrasante 500ml;Limpieza;2843;2;5686;Mendiolaza;24/2/2023;-31.2641;-64.3091
77;2024-05-26;55;Olivia Ruiz;olivia.ruiz@mail.com;tarjeta;39;Helado Vainilla 1L;Alimentos;469;2;938;Mendiolaza;24/2/2023;-31.2641;-64.3091
78;2024-04-29;12;Gael Gomez;gael.gomez@mail.com;qr;37;Mermelada de Durazno 400g;Alimentos;3196;3;9588;Alta Gracia;12/1/2023;-31.6498;-64.4297
78;2024-04-29;12;Gael Gomez;gael.gomez@mail.com;qr;79;Hamburguesas Congeladas x4;Alimentos;2420;5;12100;Alta Gracia;12/1/2023;-31.6498;-64.4297
78;2024-04-29;12;Gael Gomez;gael.gomez@mail.com;qr;17;Queso Cremoso 500g;Alimentos;4834;2;9668;Alta Gracia;12/1/2023;-31.6498;-64.4297
78;2024-04-29;12;Gael Gomez;gael.gomez@mail.com;qr;85;Jugo en Polvo Naranja;Alimentos;1856;1;1856;Alta Gracia;12/1/2023;-31.6498;-64.4297
78;2024-04-29;12;Gael Gomez;gael.gomez@mail.com;qr;39;Helado Vainilla 1L;Alimentos;469;2;938;Alta Gracia;12/1/2023;-31.6498;-64.4297
79;2024-06-06;57;Julian Acosta;julian.acosta@mail.com;qr;81;Aceitunas Verdes 200g;Alimentos;2520;2;5040;Río Cuarto;26/2/2023;-33.1304;-64.3527
79;2024-06-06;57;Julian Acosta;julian.acosta@mail.com;qr;56;Papel Higiénico x4;Limpieza;2532;2;5064;Río Cuarto;26/2/2023;-33.1304;-64.3527
80;2024-03-25;54;Uma Herrera;uma.herrera@mail.com;efectivo;39;Helado Vainilla 1L;Alimentos;469;5;2345;Alta Gracia;23/2/2023;-31.6498;-64.4297
80;2024-03-25;54;Uma Herrera;uma.herrera@mail.com;efectivo;30;Maní Salado 200g;Limpieza;4875;3;14625;Alta Gracia;23/2/2023;-31.6498;-64.4297
80;2024-03-25;54;Uma Herrera;uma.herrera@mail.com;efectivo;41;Aceite de Girasol 1L;Alimentos;860;5;4300;Alta Gracia;23/2/2023;-31.6498;-64.4297
81;2024-03-09;49;Olivia Gomez;olivia.gomez@mail.com;transferencia;10;Yerba Mate Intensa 1kg;Limpieza;4883;2;9766;Río Cuarto;18/2/2023;-33.1304;-64.3527
82;2024-01-25;19;Uma Silva;uma.silva@mail.com;tarjeta;38;Mermelada de Frutilla 400g;Limpieza;1584;1;1584;Mendiolaza;19/1/2023;-31.2641;-64.3091
82;2024-01-25;19;Uma Silva;uma.silva@mail.com;tarjeta;28;Papas Fritas Clásicas 100g;Limpieza;936;2;1872;Mendiolaza;19/1/2023;-31.2641;-64.3091
82;2024-01-25;19;Uma Silva;uma.silva@mail.com;tarjeta;29;Papas Fritas Onduladas 100g;Alimentos;1868;5;9340;Mendiolaza;19/1/2023;-31.2641;-64.3091
82;2024-01-25;19;Uma Silva;uma.silva@mail.com;tarjeta;82;Aceitunas Negras 200g;Limpieza;2394;2;4788;Mendiolaza;19/1/2023;-31.2641;-64.3091
83;2024-05-28;91;Uma Sanchez;uma.sanchez@mail.com;efectivo;5;Agua Mineral 500ml;Alimentos;4777;2;9554;Mendiolaza;1/4/2023;-31.2641;-64.3091
83;2024-05-28;91;Uma Sanchez;uma.sanchez@mail.com;efectivo;26;Alfajor Triple;Limpieza;1001;2;2002;Mendiolaza;1/4/2023;-31.2641;-64.3091
83;2024-05-28;91;Uma Sanchez;uma.sanchez@mail.com;efectivo;73;Gin 700ml;Alimentos;1561;5;7805;Mendiolaza;1/4/2023;-31.2641;-64.3091
83;2024-05-28;91;Uma Sanchez;uma.sanchez@mail.com;efectivo;51;Sal Fina 500g;Alimentos;1745;2;3490;Mendiolaza;1/4/2023;-31.2641;-64.3091
84;2024-01-02;72;Camila Rodriguez;camila.rodriguez@mail.com;efectivo;83;Queso Untable 190g;Alimentos;1830;5;9150;Córdoba;13/3/2023;-31.4065;-64.1885
84;2024-01-02;72;Camila Rodriguez;camila.rodriguez@mail.com;efectivo;76;Pizza Congelada Muzzarella;Limpieza;4286;4;17144;Córdoba;13/3/2023;-31.4065;-64.1885
85;2024-01-23;42;Tomas Flores;tomas.flores@mail.com;transferencia;32;Chocolate Amargo 100g;Limpieza;2234;4;8936;Alta Gracia;11/2/2023;-31.6498;-64.4297
85;2024-01-23;42;Tomas Flores;tomas.flores@mail.com;transferencia;80;Helado de Frutilla 1L;Limpieza;1981;2;3962;Alta Gracia;11/2/2023;-31.6498;-64.4297
86;2024-01-10;40;Felipe Diaz;felipe.diaz@mail.com;efectivo;66;Cerveza Negra 1L;Limpieza;1533;2;3066;Río Cuarto;9/2/2023;-33.1304;-64.3527
86;2024-01-10;40;Felipe Diaz;felipe.diaz@mail.com;efectivo;1;Coca Cola 1.5L;Alimentos;2347;4;9388;Río Cuarto;9/2/2023;-33.1304;-64.3527
86;2024-01-10;40;Felipe Diaz;felipe.diaz@mail.com;efectivo;13;Té Verde 20 saquitos;Alimentos;2383;5;11915;Río Cuarto;9/2/2023;-33.1304;-64.3527
86;2024-01-10;40;Felipe Diaz;felipe.diaz@mail.com;efectivo;41;Aceite de Girasol 1L;Alimentos;860;3;2580;Río Cuarto;9/2/2023;-33.1304;-64.3527
87;2024-04-20;100;Agustina Lopez;agustina.lopez@mail.com;qr;53;Lavandina 1L;Alimentos;1664;2;3328;Córdoba;10/4/2023;-31.4065;-64.1885
87;2024-04-20;100;Agustina Lopez;agustina.lopez@mail.com;qr;86;Jugo en Polvo Limón;Limpieza;4090;2;8180;Córdoba;10/4/2023;-31.4065;-64.1885
88;2024-06-21;37;Martina Perez;martina.perez@mail.com;efectivo;7;Jugo de Manzana 1L;Alimentos;3269;5;16345;Mendiolaza;6/2/2023;-31.2641;-64.3091
88;2024-06-21;37;Martina Perez;martina.perez@mail.com;efectivo;53;Lavandina 1L;Alimentos;1664;5;8320;Mendiolaza;6/2/2023;-31.2641;-64.3091
88;2024-06-21;37;Martina Perez;martina.perez@mail.com;efectivo;8;Energética Nitro 500ml;Limpieza;4218;4;16872;Mendiolaza;6/2/2023;-31.2641;-64.3091
89;2024-01-18;17;Pablo Gomez;pablo.gomez@mail.com;tarjeta;72;Ron 700ml;Limpieza;3876;2;7752;Villa María;17/1/2023;-32.4075;-63.2402
90;2024-01-08;46;Agustina Martinez;agustina.martinez@mail.com;qr;79;Hamburguesas Congeladas x4;Alimentos;2420;4;9680;Alta Gracia;15/2/2023;-31.6498;-64.4297
90;2024-01-08;46;Agustina Martinez;agustina.martinez@mail.com;qr;6;Jugo de Naranja 1L;Limpieza;4170;2;8340;Alta Gracia;15/2/2023;-31.6498;-64.4297
91;2024-02-19;39;Santiago Diaz;santiago.diaz@mail.com;efectivo;57;Servilletas x100;Alimentos;4520;3;13560;Alta Gracia;8/2/2023;-31.6498;-64.4297
92;2024-02-09;42;Tomas Flores;tomas.flores@mail.com;transferencia;10;Yerba Mate Intensa 1kg;Limpieza;4883;2;9766;Alta Gracia;11/2/2023;-31.6498;-64.4297
92;2024-02-09;42;Tomas Flores;tomas.flores@mail.com;transferencia;43;Salsa de Tomate 500g;Alimentos;887;4;3548;Alta Gracia;11/2/2023;-31.6498;-64.4297
93;2024-01-29;90;Guadalupe Ruiz;guadalupe.ruiz@mail.com;efectivo;80;Helado de Frutilla 1L;Limpieza;1981;4;7924;Río Cuarto;31/3/2023;-33.1304;-64.3527
93;2024-01-29;90;Guadalupe Ruiz;guadalupe.ruiz@mail.com;efectivo;66;Cerveza Negra 1L;Limpieza;1533;3;4599;Río Cuarto;31/3/2023;-33.1304;-64.3527
93;2024-01-29;90;Guadalupe Ruiz;guadalupe.ruiz@mail.com;efectivo;91;Desodorante Aerosol;Alimentos;4690;3;14070;Río Cuarto;31/3/2023;-33.1304;-64.3527
94;2024-03-06;41;Elena Rodriguez;elena.rodriguez2@mail.com;qr;24;Galletitas Chocolate;Limpieza;1305;1;1305;Alta Gracia;10/2/2023;-31.6498;-64.4297
94;2024-03-06;41;Elena Rodriguez;elena.rodriguez2@mail.com;qr;86;Jugo en Polvo Limón;Limpieza;4090;5;20450;Alta Gracia;10/2/2023;-31.6498;-64.4297
94;2024-03-06;41;Elena Rodriguez;elena.rodriguez2@mail.com;qr;98;Desengrasante 500ml;Limpieza;2843;2;5686;Alta Gracia;10/2/2023;-31.6498;-64.4297
95;2024-02-25;26;Camila Sanchez;camila.sanchez@mail.com;qr;72;Ron 700ml;Limpieza;3876;5;19380;Alta Gracia;26/1/2023;-31.6498;-64.4297
95;2024-02-25;26;Camila Sanchez;camila.sanchez@mail.com;qr;12;Té Negro 20 saquitos;Limpieza;570;1;570;Alta Gracia;26/1/2023;-31.6498;-64.4297
96;2024-02-23;83;Franco Gomez;franco.gomez@mail.com;tarjeta;81;Aceitunas Verdes 200g;Alimentos;2520;3;7560;Río Cuarto;24/3/2023;-33.1304;-64.3527
96;2024-02-23;83;Franco Gomez;franco.gomez@mail.com;tarjeta;68;Vino Blanco 750ml;Limpieza;2684;1;2684;Río Cuarto;24/3/2023;-33.1304;-64.3527
96;2024-02-23;83;Franco Gomez;franco.gomez@mail.com;tarjeta;11;Café Molido 250g;Alimentos;2053;2;4106;Río Cuarto;24/3/2023;-33.1304;-64.3527
96;2024-02-23;83;Franco Gomez;franco.gomez@mail.com;tarjeta;50;Azúcar 1kg;Limpieza;727;3;2181;Río Cuarto;24/3/2023;-33.1304;-64.3527
97;2024-06-16;39;Santiago Diaz;santiago.diaz@mail.com;efectivo;59;Chicle Menta;Alimentos;3612;5;18060;Alta Gracia;8/2/2023;-31.6498;-64.4297
97;2024-06-16;39;Santiago Diaz;santiago.diaz@mail.com;efectivo;36;Dulce de Leche 400g;Limpieza;2559;1;2559;Alta Gracia;8/2/2023;-31.6498;-64.4297
97;2024-06-16;39;Santiago Diaz;santiago.diaz@mail.com;efectivo;4;Fanta Naranja 1.5L;Limpieza;2033;3;6099;Alta Gracia;8/2/2023;-31.6498;-64.4297
98;2024-01-12;43;Lucas Perez;lucas.perez@mail.com;transferencia;28;Papas Fritas Clásicas 100g;Limpieza;936;4;3744;Mendiolaza;12/2/2023;-31.2641;-64.3091
98;2024-01-12;43;Lucas Perez;lucas.perez@mail.com;transferencia;61;Miel Pura 250g;Alimentos;4982;1;4982;Mendiolaza;12/2/2023;-31.2641;-64.3091
98;2024-01-12;43;Lucas Perez;lucas.perez@mail.com;transferencia;29;Papas Fritas Onduladas 100g;Alimentos;1868;1;1868;Mendiolaza;12/2/2023;-31.2641;-64.3091
98;2024-01-12;43;Lucas Perez;lucas.perez@mail.com;transferencia;83;Queso Untable 190g;Alimentos;1830;3;5490;Mendiolaza;12/2/2023;-31.2641;-64.3091
99;2024-03-13;51;Agustina Gomez;agustina.gomez@mail.com;transferencia;40;Helado Chocolate 1L;Limpieza;1215;5;6075;Río Cuarto;20/2/2023;-33.1304;-64.3527
100;2024-06-08;69;Felipe Flores;felipe.flores@mail.com;qr;13;Té Verde 20 saquitos;Alimentos;2383;3;7149;Río Cuarto;10/3/2023;-33.1304;-64.3527
100;2024-06-08;69;Felipe Flores;felipe.flores@mail.com;qr;18;Queso Rallado 150g;Limpieza;3444;4;13776;Río Cuarto;10/3/2023;-33.1304;-64.3527
100;2024-06-08;69;Felipe Flores;felipe.flores@mail.com;qr;58;Caramelos Masticables;Limpieza;4752;2;9504;Río Cuarto;10/3/2023;-33.1304;-64.3527
100;2024-06-08;69;Felipe Flores;felipe.flores@mail.com;qr;57;Servilletas x100;Alimentos;4520;1;4520;Río Cuarto;10/3/2023;-33.1304;-64.3527
100;2024-06-08;69;Felipe Flores;felipe.flores@mail.com;qr;9;Yerba Mate Suave 1kg;Alimentos;3878;4;15512;Río Cuarto;10/3/2023;-33.1304;-64.3527
101;2024-03-28;72;Camila Rodriguez;camila.rodriguez@mail.com;efectivo;34;Turrón 50g;Limpieza;503;4;2012;Córdoba;13/3/2023;-31.4065;-64.1885
102;2024-03-29;18;Ivana Torres;ivana.torres@mail.com;efectivo;78;Verduras Congeladas Mix;Limpieza;4289;3;12867;Villa Carlos Paz;18/1/2023;-31.4183;-64.4901
102;2024-03-29;18;Ivana Torres;ivana.torres@mail.com;efectivo;36;Dulce de Leche 400g;Limpieza;2559;3;7677;Villa Carlos Paz;18/1/2023;-31.4183;-64.4901
103;2024-03-11;39;Santiago Diaz;santiago.diaz@mail.com;efectivo;79;Hamburguesas Congeladas x4;Alimentos;2420;5;12100;Alta Gracia;8/2/2023;-31.6498;-64.4297
103;2024-03-11;39;Santiago Diaz;santiago.diaz@mail.com;efectivo;43;Salsa de Tomate 500g;Alimentos;887;5;4435;Alta Gracia;8/2/2023;-31.6498;-64.4297
103;2024-03-11;39;Santiago Diaz;santiago.diaz@mail.com;efectivo;34;Turrón 50g;Limpieza;503;1;503;Alta Gracia;8/2/2023;-31.6498;-64.4297
103;2024-03-11;39;Santiago Diaz;santiago.diaz@mail.com;efectivo;70;Fernet 750ml;Limpieza;4061;1;4061;Alta Gracia;8/2/2023;-31.6498;-64.4297
104;2024-06-17;86;Diego Torres;diego.torres@mail.com;qr;95;Mascarilla Capilar;Alimentos;1581;2;3162;Córdoba;27/3/2023;-31.4065;-64.1885
104;2024-06-17;86;Diego Torres;diego.torres@mail.com;qr;68;Vino Blanco 750ml;Limpieza;2684;3;8052;Córdoba;27/3/2023;-31.4065;-64.1885
104;2024-06-17;86;Diego Torres;diego.torres@mail.com;qr;68;Vino Blanco 750ml;Limpieza;2684;5;13420;Córdoba;27/3/2023;-31.4065;-64.1885
105;2024-02-06;1;Mariana Lopez;mariana.lopez@mail.com;transferencia;13;Té Verde 20 saquitos;Alimentos;2383;2;4766;Villa Carlos Paz;1/1/2023;-31.4183;-64.4901
105;2024-02-06;1;Mariana Lopez;mariana.lopez@mail.com;transferencia;4;Fanta Naranja 1.5L;Limpieza;2033;4;8132;Villa Carlos Paz;1/1/2023;-31.4183;-64.4901
105;2024-02-06;1;Mariana Lopez;mariana.lopez@mail.com;transferencia;58;Caramelos Masticables;Limpieza;4752;2;9504;Villa Carlos Paz;1/1/2023;-31.4183;-64.4901
105;2024-02-06;1;Mariana Lopez;mariana.lopez@mail.com;transferencia;82;Aceitunas Negras 200g;Limpieza;2394;4;9576;Villa Carlos Paz;1/1/2023;-31.4183;-64.4901
105;2024-02-06;1;Mariana Lopez;mariana.lopez@mail.com;transferencia;43;Salsa de Tomate 500g;Alimentos;887;5;4435;Villa Carlos Paz;1/1/2023;-31.4183;-64.4901
106;2024-03-24;82;Lucas Lopez;lucas.lopez@mail.com;transferencia;88;Caldo Concentrado Carne;Limpieza;2570;3;7710;Alta Gracia;23/3/2023;-31.6498;-64.4297
107;2024-05-21;14;Gael Martinez;gael.martinez@mail.com;efectivo;7;Jugo de Manzana 1L;Alimentos;3269;4;13076;Villa Carlos Paz;14/1/2023;-31.4183;-64.4901
107;2024-05-21;14;Gael Martinez;gael.martinez@mail.com;efectivo;11;Café Molido 250g;Alimentos;2053;2;4106;Villa Carlos Paz;14/1/2023;-31.4183;-64.4901
107;2024-05-21;14;Gael Martinez;gael.martinez@mail.com;efectivo;12;Té Negro 20 saquitos;Limpieza;570;4;2280;Villa Carlos Paz;14/1/2023;-31.4183;-64.4901
107;2024-05-21;14;Gael Martinez;gael.martinez@mail.com;efectivo;5;Agua Mineral 500ml;Alimentos;4777;4;19108;Villa Carlos Paz;14/1/2023;-31.4183;-64.4901
108;2024-03-25;9;Yamila Molina;yamila.molina@mail.com;tarjeta;90;Toallas Húmedas x50;Limpieza;2902;4;11608;Villa Carlos Paz;9/1/2023;-31.4183;-64.4901
109;2024-06-04;64;Julian Alvarez;julian.alvarez@mail.com;transferencia;18;Queso Rallado 150g;Limpieza;3444;1;3444;Villa María;5/3/2023;-32.4075;-63.2402
109;2024-06-04;64;Julian Alvarez;julian.alvarez@mail.com;transferencia;74;Whisky 750ml;Limpieza;2953;1;2953;Villa María;5/3/2023;-32.4075;-63.2402
109;2024-06-04;64;Julian Alvarez;julian.alvarez@mail.com;transferencia;20;Pan Lactal Blanco;Limpieza;1571;2;3142;Villa María;5/3/2023;-32.4075;-63.2402
109;2024-06-04;64;Julian Alvarez;julian.alvarez@mail.com;transferencia;44;Arroz Largo Fino 1kg;Limpieza;2979;5;14895;Villa María;5/3/2023;-32.4075;-63.2402
110;2024-05-19;92;Mariana Rodriguez;mariana.rodriguez@mail.com;efectivo;6;Jugo de Naranja 1L;Limpieza;4170;1;4170;Alta Gracia;2/4/2023;-31.6498;-64.4297
110;2024-05-19;92;Mariana Rodriguez;mariana.rodriguez@mail.com;efectivo;59;Chicle Menta;Alimentos;3612;3;10836;Alta Gracia;2/4/2023;-31.6498;-64.4297
110;2024-05-19;92;Mariana Rodriguez;mariana.rodriguez@mail.com;efectivo;6;Jugo de Naranja 1L;Limpieza;4170;5;20850;Alta Gracia;2/4/2023;-31.6498;-64.4297
111;2024-02-12;48;Rocio Alvarez;rocio.alvarez@mail.com;efectivo;97;Limpiavidrios 500ml;Alimentos;872;4;3488;Córdoba;17/2/2023;-31.4065;-64.1885
111;2024-02-12;48;Rocio Alvarez;rocio.alvarez@mail.com;efectivo;93;Cepillo de Dientes;Alimentos;2142;3;6426;Córdoba;17/2/2023;-31.4065;-64.1885
111;2024-02-12;48;Rocio Alvarez;rocio.alvarez@mail.com;efectivo;20;Pan Lactal Blanco;Limpieza;1571;2;3142;Córdoba;17/2/2023;-31.4065;-64.1885
111;2024-02-12;48;Rocio Alvarez;rocio.alvarez@mail.com;efectivo;23;Bizcochos Salados;Alimentos;2380;4;9520;Córdoba;17/2/2023;-31.4065;-64.1885
112;2024-01-19;28;Rocio Silva;rocio.silva@mail.com;tarjeta;55;Shampoo 400ml;Alimentos;1407;1;1407;Córdoba;28/1/2023;-31.4065;-64.1885
112;2024-01-19;28;Rocio Silva;rocio.silva@mail.com;tarjeta;21;Pan Lactal Integral;Alimentos;272;4;1088;Córdoba;28/1/2023;-31.4065;-64.1885
112;2024-01-19;28;Rocio Silva;rocio.silva@mail.com;tarjeta;43;Salsa de Tomate 500g;Alimentos;887;5;4435;Córdoba;28/1/2023;-31.4065;-64.1885
112;2024-01-19;28;Rocio Silva;rocio.silva@mail.com;tarjeta;13;Té Verde 20 saquitos;Alimentos;2383;2;4766;Córdoba;28/1/2023;-31.4065;-64.1885
112;2024-01-19;28;Rocio Silva;rocio.silva@mail.com;tarjeta;59;Chicle Menta;Alimentos;3612;1;3612;Córdoba;28/1/2023;-31.4065;-64.1885
113;2024-03-08;98;Camila Castro;camila.castro@mail.com;transferencia;53;Lavandina 1L;Alimentos;1664;2;3328;Córdoba;8/4/2023;-31.4065;-64.1885
113;2024-03-08;98;Camila Castro;camila.castro@mail.com;transferencia;92;Crema Dental 90g;Limpieza;2512;3;7536;Córdoba;8/4/2023;-31.4065;-64.1885
114;2024-05-05;16;Felipe Alvarez;felipe.alvarez@mail.com;qr;8;Energética Nitro 500ml;Limpieza;4218;1;4218;Río Cuarto;16/1/2023;-33.1304;-64.3527
114;2024-05-05;16;Felipe Alvarez;felipe.alvarez@mail.com;qr;84;Queso Azul 150g;Limpieza;1645;1;1645;Río Cuarto;16/1/2023;-33.1304;-64.3527
114;2024-05-05;16;Felipe Alvarez;felipe.alvarez@mail.com;qr;10;Yerba Mate Intensa 1kg;Limpieza;4883;1;4883;Río Cuarto;16/1/2023;-33.1304;-64.3527
114;2024-05-05;16;Felipe Alvarez;felipe.alvarez@mail.com;qr;55;Shampoo 400ml;Alimentos;1407;5;7035;Río Cuarto;16/1/2023;-33.1304;-64.3527
114;2024-05-05;16;Felipe Alvarez;felipe.alvarez@mail.com;qr;92;Crema Dental 90g;Limpieza;2512;4;10048;Río Cuarto;16/1/2023;-33.1304;-64.3527
115;2024-02-16;3;Hernan Martinez;hernan.martinez@mail.com;transferencia;17;Queso Cremoso 500g;Alimentos;4834;4;19336;Río Cuarto;3/1/2023;-33.1304;-64.3527
115;2024-02-16;3;Hernan Martinez;hernan.martinez@mail.com;transferencia;97;Limpiavidrios 500ml;Alimentos;872;5;4360;Río Cuarto;3/1/2023;-33.1304;-64.3527
115;2024-02-16;3;Hernan Martinez;hernan.martinez@mail.com;transferencia;95;Mascarilla Capilar;Alimentos;1581;4;6324;Río Cuarto;3/1/2023;-33.1304;-64.3527
115;2024-02-16;3;Hernan Martinez;hernan.martinez@mail.com;transferencia;84;Queso Azul 150g;Limpieza;1645;2;3290;Río Cuarto;3/1/2023;-33.1304;-64.3527
116;2024-03-18;25;Karina Castro;karina.castro@mail.com;qr;65;Cerveza Rubia 1L;Alimentos;2423;1;2423;Río Cuarto;25/1/2023;-33.1304;-64.3527
116;2024-03-18;25;Karina Castro;karina.castro@mail.com;qr;35;Barrita de Cereal 30g;Alimentos;4430;2;8860;Río Cuarto;25/1/2023;-33.1304;-64.3527
116;2024-03-18;25;Karina Castro;karina.castro@mail.com;qr;42;Vinagre de Alcohol 500ml;Limpieza;1195;4;4780;Río Cuarto;25/1/2023;-33.1304;-64.3527
116;2024-03-18;25;Karina Castro;karina.castro@mail.com;qr;54;Jabón de Tocador;Limpieza;1592;5;7960;Río Cuarto;25/1/2023;-33.1304;-64.3527
116;2024-03-18;25;Karina Castro;karina.castro@mail.com;qr;90;Toallas Húmedas x50;Limpieza;2902;4;11608;Río Cuarto;25/1/2023;-33.1304;-64.3527
117;2024-03-14;72;Camila Rodriguez;camila.rodriguez@mail.com;tarjeta;67;Vino Tinto Malbec 750ml;Alimentos;4719;4;18876;Córdoba;13/3/2023;-31.4065;-64.1885
117;2024-03-14;72;Camila Rodriguez;camila.rodriguez@mail.com;tarjeta;61;Miel Pura 250g;Alimentos;4982;2;9964;Córdoba;13/3/2023;-31.4065;-64.1885
118;2024-02-09;84;Pablo Sanchez;pablo.sanchez@mail.com;efectivo;68;Vino Blanco 750ml;Limpieza;2684;5;13420;Córdoba;25/3/2023;-31.4065;-64.1885
118;2024-02-09;84;Pablo Sanchez;pablo.sanchez@mail.com;efectivo;68;Vino Blanco 750ml;Limpieza;2684;3;8052;Córdoba;25/3/2023;-31.4065;-64.1885
118;2024-02-09;84;Pablo Sanchez;pablo.sanchez@mail.com;efectivo;70;Fernet 750ml;Limpieza;4061;2;8122;Córdoba;25/3/2023;-31.4065;-64.1885
118;2024-02-09;84;Pablo Sanchez;pablo.sanchez@mail.com;efectivo;93;Cepillo de Dientes;Alimentos;2142;3;6426;Córdoba;25/3/2023;-31.4065;-64.1885
118;2024-02-09;84;Pablo Sanchez;pablo.sanchez@mail.com;efectivo;50;Azúcar 1kg;Limpieza;727;2;1454;Córdoba;25/3/2023;-31.4065;-64.1885
119;2024-02-07;51;Agustina Gomez;agustina.gomez@mail.com;qr;45;Fideos Spaghetti 500g;Alimentos;745;5;3725;Río Cuarto;20/2/2023;-33.1304;-64.3527
120;2024-04-21;72;Camila Rodriguez;camila.rodriguez@mail.com;tarjeta;20;Pan Lactal Blanco;Limpieza;1571;5;7855;Córdoba;13/3/2023;-31.4065;-64.1885
